Expense_ID,Description,Amount,Date,Bill_Number,BillNumber
1.0,Office Supplies - Notebooks,93.65,2024-03-17,B175360,
2.0,Office Supplies - Printer Paper,443.65,2024-08-16,B334019,
3.0,Travel - Business Trip,407.36,2024-04-12,B433852,
4.0,Office Supplies - Notebooks,93.65,2024-05-02,B232451,
5.0,Office Furniture - Desk,113.22,2024-05-16,B976155,
6.0,Travel - Business Trip,407.36,2024-08-03,B748454,
7.0,Travel - Business Trip,407.36,2024-04-17,B119893,
8.0,Office Supplies - Notebooks,93.65,2024-01-07,B397225,
9.0,Conference Room Booking,378.14,2024-05-11,B902380,
10.0,Office Furniture - Desk,113.22,2024-01-20,B121503,
11.0,Office Supplies - Notebooks,93.65,2024-08-11,B868429,
12.0,Office Furniture - Desk,113.22,2024-02-19,B329583,
13.0,Office Furniture - Desk,113.22,2024-05-03,B602373,
14.0,Travel - Business Trip,407.36,2024-07-16,B256511,
15.0,Office Supplies - Printer Paper,443.65,2024-04-06,B239292,
16.0,Office Furniture - Desk,113.22,2024-07-18,B648248,
17.0,Office Supplies - Stationery,80.01,2024-03-25,B922365,
18.0,Travel - Business Trip,407.36,2024-02-22,B758309,
19.0,Conference Room Booking,378.14,2024-01-05,B524139,
20.0,Office Supplies - Printer Paper,443.65,2024-04-21,B371989,
21.0,Office Supplies - Stationery,80.01,2024-01-02,B702656,
22.0,Office Supplies - Stationery,80.01,2024-03-24,B309044,
23.0,Conference Room Booking,378.14,2024-01-27,B650317,
24.0,Office Supplies - Printer Paper,443.65,2024-03-13,B983713,
25.0,Travel - Business Trip,407.36,2024-02-27,B508702,
26.0,Office Supplies - Printer Ink,426.42,2024-07-12,B264262,
27.0,Office Supplies - Printer Paper,443.65,2024-06-02,B328732,
28.0,Conference Room Booking,378.14,2024-01-19,B448921,
29.0,Office Supplies - Stationery,80.01,2024-02-25,B530438,
30.0,Travel - Business Trip,407.36,2024-06-23,B119096,
31.0,Office Supplies - Printer Paper,443.65,2024-02-13,B630306,
32.0,Office Supplies - Printer Ink,426.42,2024-06-06,B364761,
33.0,Office Supplies - Printer Ink,426.42,2024-06-04,B253873,
34.0,Office Furniture - Desk,113.22,2024-02-15,B569520,
35.0,Office Furniture - Desk,113.22,2024-01-15,B746744,
36.0,Office Supplies - Notebooks,93.65,2024-08-14,B536380,
37.0,Conference Room Booking,378.14,2024-08-11,B874929,
38.0,Office Supplies - Printer Paper,443.65,2024-05-08,B951913,
39.0,Office Supplies - Printer Paper,443.65,2024-06-30,B516878,
40.0,Office Supplies - Notebooks,93.65,2024-02-18,B721439,
41.0,Office Supplies - Stationery,80.01,2024-01-29,B486745,
42.0,Office Supplies - Stationery,80.01,2024-06-20,B410971,
43.0,Office Supplies - Notebooks,93.65,2024-04-18,B914656,
44.0,Office Supplies - Stationery,80.01,2024-02-07,B499220,
45.0,Office Furniture - Desk,113.22,2024-06-14,B702746,
46.0,Office Supplies - Printer Paper,443.65,2024-07-28,B271931,
47.0,Office Supplies - Notebooks,93.65,2024-06-20,B264054,
48.0,Office Supplies - Printer Paper,443.65,2024-03-29,B397262,
49.0,Office Supplies - Printer Ink,426.42,2024-01-08,B764209,
50.0,Office Furniture - Desk,113.22,2024-04-14,B412265,
51.0,Travel - Business Trip,407.36,2024-03-19,B730303,
52.0,Office Furniture - Desk,113.22,2024-04-30,B148787,
53.0,Office Supplies - Notebooks,93.65,2024-07-27,B688382,
54.0,Travel - Business Trip,407.36,2024-03-30,B369590,
55.0,Office Supplies - Printer Ink,426.42,2024-01-28,B409226,
56.0,Office Supplies - Notebooks,93.65,2024-02-26,B795207,
57.0,Conference Room Booking,378.14,2024-05-20,B856261,
58.0,Office Supplies - Printer Paper,443.65,2024-08-11,B516614,
59.0,Office Supplies - Printer Ink,426.42,2024-08-08,B583167,
60.0,Office Supplies - Printer Paper,443.65,2024-08-09,B647137,
61.0,Office Supplies - Stationery,80.01,2024-06-21,B769178,
62.0,Conference Room Booking,378.14,2024-03-13,B115573,
63.0,Conference Room Booking,378.14,2024-04-28,B915730,
64.0,Office Supplies - Printer Ink,426.42,2024-05-08,B872070,
65.0,Conference Room Booking,378.14,2024-02-29,B485387,
66.0,Travel - Business Trip,407.36,2024-05-24,B280749,
67.0,Conference Room Booking,378.14,2024-08-01,B534599,
68.0,Office Supplies - Printer Paper,443.65,2024-02-29,B922274,
69.0,Office Supplies - Printer Paper,443.65,2024-07-13,B469690,
70.0,Office Supplies - Notebooks,93.65,2024-08-06,B387948,
71.0,Office Supplies - Printer Paper,443.65,2024-04-19,B919438,
72.0,Office Supplies - Notebooks,93.65,2024-03-28,B768258,
73.0,Office Supplies - Printer Paper,443.65,2024-03-11,B873659,
74.0,Travel - Business Trip,407.36,2024-01-24,B981492,
75.0,Office Supplies - Notebooks,93.65,2024-07-02,B411411,
76.0,Office Furniture - Desk,113.22,2024-03-30,B331347,
77.0,Office Supplies - Stationery,80.01,2024-07-04,B514768,
78.0,Office Supplies - Printer Ink,426.42,2024-02-10,B508465,
79.0,Office Supplies - Printer Paper,443.65,2024-01-02,B549942,
80.0,Conference Room Booking,378.14,2024-04-01,B703167,
81.0,Office Supplies - Printer Paper,443.65,2024-08-10,B708585,
82.0,Conference Room Booking,378.14,2024-02-25,B428016,
83.0,Office Supplies - Stationery,80.01,2024-05-11,B171107,
84.0,Office Supplies - Stationery,80.01,2024-08-13,B842973,
85.0,Office Supplies - Stationery,80.01,2024-03-04,B897366,
86.0,Conference Room Booking,378.14,2024-04-21,B412448,
87.0,Office Supplies - Printer Paper,443.65,2024-01-07,B985227,
88.0,Office Supplies - Stationery,80.01,2024-07-15,B619638,
89.0,Travel - Business Trip,407.36,2024-08-19,B874686,
90.0,Office Supplies - Notebooks,93.65,2024-04-15,B986420,
91.0,Conference Room Booking,378.14,2024-08-18,B969680,
92.0,Conference Room Booking,378.14,2024-03-01,B707262,
93.0,Office Supplies - Printer Paper,443.65,2024-07-08,B559430,
94.0,Conference Room Booking,378.14,2024-02-18,B665887,
95.0,Conference Room Booking,378.14,2024-06-28,B580474,
96.0,Office Supplies - Stationery,80.01,2024-07-21,B790825,
97.0,Office Supplies - Printer Paper,443.65,2024-08-04,B544359,
98.0,Office Supplies - Stationery,80.01,2024-03-19,B567135,
99.0,Office Supplies - Notebooks,93.65,2024-04-17,B614004,
100.0,Office Supplies - Notebooks,93.65,2024-01-27,B828449,
101.0,Office Supplies - Stationery,80.01,2024-04-15,B769210,
102.0,Office Supplies - Notebooks,93.65,2024-07-09,B927763,
103.0,Office Supplies - Printer Paper,443.65,2024-08-12,B146857,
104.0,Office Supplies - Printer Ink,426.42,2024-07-24,B918346,
105.0,Office Supplies - Stationery,80.01,2024-02-13,B974834,
106.0,Travel - Business Trip,407.36,2024-07-08,B873191,
107.0,Travel - Business Trip,407.36,2024-04-25,B613328,
108.0,Conference Room Booking,378.14,2024-08-07,B221624,
109.0,Office Supplies - Notebooks,93.65,2024-06-23,B928423,
110.0,Travel - Business Trip,407.36,2024-05-12,B792234,
111.0,Conference Room Booking,378.14,2024-01-25,B465939,
112.0,Office Supplies - Printer Ink,426.42,2024-07-19,B112078,
113.0,Office Supplies - Printer Paper,443.65,2024-05-04,B611763,
114.0,Office Supplies - Printer Paper,443.65,2024-06-10,B142130,
115.0,Office Supplies - Printer Paper,443.65,2024-04-06,B347576,
116.0,Travel - Business Trip,407.36,2024-04-24,B590774,
117.0,Office Supplies - Printer Ink,426.42,2024-01-17,B925002,
118.0,Travel - Business Trip,407.36,2024-03-15,B591455,
119.0,Office Supplies - Notebooks,93.65,2024-04-23,B681219,
120.0,Travel - Business Trip,407.36,2024-05-13,B311099,
121.0,Office Supplies - Printer Ink,426.42,2024-08-16,B253069,
122.0,Office Supplies - Printer Ink,426.42,2024-03-25,B715052,
123.0,Office Supplies - Notebooks,93.65,2024-03-30,B463949,
124.0,Office Supplies - Printer Ink,426.42,2024-04-28,B244009,
125.0,Office Supplies - Printer Ink,426.42,2024-08-04,B890751,
126.0,Office Supplies - Printer Paper,443.65,2024-01-20,B299532,
127.0,Office Supplies - Notebooks,93.65,2024-07-27,B275831,
128.0,Office Furniture - Desk,113.22,2024-02-27,B380045,
129.0,Office Furniture - Desk,113.22,2024-07-18,B826365,
130.0,Office Supplies - Printer Ink,426.42,2024-08-19,B993553,
131.0,Office Furniture - Desk,113.22,2024-04-04,B365766,
132.0,Office Furniture - Desk,113.22,2024-03-01,B842879,
133.0,Office Supplies - Printer Ink,426.42,2024-08-12,B120384,
134.0,Office Furniture - Desk,113.22,2024-02-15,B922699,
135.0,Travel - Business Trip,407.36,2024-01-07,B441416,
136.0,Conference Room Booking,378.14,2024-07-18,B212041,
137.0,Office Supplies - Notebooks,93.65,2024-07-29,B224437,
138.0,Conference Room Booking,378.14,2024-01-13,B927862,
139.0,Office Supplies - Printer Ink,426.42,2024-02-20,B684700,
140.0,Office Supplies - Printer Paper,443.65,2024-03-07,B233735,
141.0,Office Supplies - Notebooks,93.65,2024-07-12,B902848,
142.0,Office Supplies - Printer Ink,426.42,2024-03-07,B976043,
143.0,Office Supplies - Printer Paper,443.65,2024-06-16,B706995,
144.0,Conference Room Booking,378.14,2024-06-06,B420078,
145.0,Office Supplies - Printer Ink,426.42,2024-02-23,B197135,
146.0,Office Supplies - Notebooks,93.65,2024-01-23,B417751,
147.0,Office Supplies - Notebooks,93.65,2024-06-12,B413657,
148.0,Office Supplies - Stationery,80.01,2024-03-25,B191458,
149.0,Travel - Business Trip,407.36,2024-04-04,B161979,
150.0,Office Furniture - Desk,113.22,2024-04-05,B329827,
151.0,Office Supplies - Printer Paper,443.65,2024-06-24,B371898,
152.0,Office Supplies - Stationery,80.01,2024-04-25,B298806,
153.0,Office Furniture - Desk,113.22,2024-08-06,B518630,
154.0,Office Furniture - Desk,113.22,2024-02-24,B367885,
155.0,Office Supplies - Printer Ink,426.42,2024-04-19,B104118,
156.0,Office Furniture - Desk,113.22,2024-01-29,B488800,
157.0,Travel - Business Trip,407.36,2024-02-03,B872311,
158.0,Office Supplies - Notebooks,93.65,2024-03-09,B345485,
159.0,Office Supplies - Stationery,80.01,2024-04-19,B889196,
160.0,Office Furniture - Desk,113.22,2024-03-31,B613262,
161.0,Office Supplies - Printer Ink,426.42,2024-08-15,B276978,
162.0,Travel - Business Trip,407.36,2024-05-15,B635579,
163.0,Conference Room Booking,378.14,2024-02-27,B529786,
164.0,Office Supplies - Notebooks,93.65,2024-03-31,B402994,
165.0,Office Supplies - Notebooks,93.65,2024-03-05,B929074,
166.0,Office Supplies - Stationery,80.01,2024-02-24,B688592,
167.0,Office Supplies - Notebooks,93.65,2024-05-02,B231286,
168.0,Office Furniture - Desk,113.22,2024-05-01,B164728,
169.0,Office Supplies - Printer Ink,426.42,2024-01-06,B808023,
170.0,Office Supplies - Notebooks,93.65,2024-03-25,B711416,
171.0,Office Supplies - Notebooks,93.65,2024-07-20,B956614,
172.0,Conference Room Booking,378.14,2024-08-02,B386826,
173.0,Conference Room Booking,378.14,2024-03-26,B384963,
174.0,Office Supplies - Printer Paper,443.65,2024-08-12,B144936,
175.0,Travel - Business Trip,407.36,2024-01-04,B827937,
176.0,Office Furniture - Desk,113.22,2024-07-09,B885167,
177.0,Office Supplies - Notebooks,93.65,2024-03-01,B389541,
178.0,Office Supplies - Notebooks,93.65,2024-04-24,B161580,
179.0,Office Supplies - Printer Ink,426.42,2024-05-11,B151517,
180.0,Office Supplies - Printer Paper,443.65,2024-05-01,B782355,
181.0,Travel - Business Trip,407.36,2024-02-08,B932837,
182.0,Office Supplies - Printer Paper,443.65,2024-01-11,B179906,
183.0,Office Supplies - Stationery,80.01,2024-03-26,B917728,
184.0,Travel - Business Trip,407.36,2024-07-27,B101340,
185.0,Office Supplies - Notebooks,93.65,2024-07-14,B498286,
186.0,Office Supplies - Notebooks,93.65,2024-08-05,B848923,
187.0,Travel - Business Trip,407.36,2024-03-14,B402754,
188.0,Office Supplies - Notebooks,93.65,2024-02-07,B785163,
189.0,Office Furniture - Desk,113.22,2024-01-11,B577989,
190.0,Travel - Business Trip,407.36,2024-07-08,B365241,
191.0,Office Supplies - Printer Paper,443.65,2024-05-23,B528580,
192.0,Travel - Business Trip,407.36,2024-06-11,B631248,
193.0,Office Supplies - Notebooks,93.65,2024-03-24,B560608,
194.0,Office Furniture - Desk,113.22,2024-03-16,B975183,
195.0,Office Furniture - Desk,113.22,2024-05-31,B761578,
196.0,Office Supplies - Stationery,80.01,2024-01-07,B552125,
197.0,Office Supplies - Printer Paper,443.65,2024-04-16,B543707,
198.0,Conference Room Booking,378.14,2024-05-29,B172675,
199.0,Conference Room Booking,378.14,2024-01-02,B651848,
200.0,Travel - Business Trip,407.36,2024-06-12,B744802,
201.0,Office Supplies - Stationery,80.01,2024-04-06,B389056,
202.0,Office Supplies - Printer Ink,426.42,2024-04-21,B108974,
203.0,Travel - Business Trip,407.36,2024-04-12,B438526,
204.0,Office Supplies - Stationery,80.01,2024-01-02,B577640,
205.0,Office Supplies - Printer Paper,443.65,2024-02-16,B526607,
206.0,Office Supplies - Printer Paper,443.65,2024-04-16,B821969,
207.0,Office Supplies - Printer Paper,443.65,2024-03-22,B564515,
208.0,Office Supplies - Printer Paper,443.65,2024-07-18,B821478,
209.0,Office Supplies - Printer Paper,443.65,2024-05-18,B779060,
210.0,Office Supplies - Stationery,80.01,2024-08-17,B819367,
211.0,Office Supplies - Stationery,80.01,2024-04-05,B219383,
212.0,Office Furniture - Desk,113.22,2024-05-22,B289898,
213.0,Conference Room Booking,378.14,2024-04-07,B447568,
214.0,Office Supplies - Notebooks,93.65,2024-08-15,B681562,
215.0,Office Supplies - Printer Paper,443.65,2024-03-23,B473459,
216.0,Office Supplies - Printer Ink,426.42,2024-04-27,B585018,
217.0,Office Supplies - Notebooks,93.65,2024-05-18,B201449,
218.0,Office Supplies - Stationery,80.01,2024-04-07,B355578,
219.0,Office Supplies - Printer Ink,426.42,2024-05-30,B203642,
220.0,Office Supplies - Printer Ink,426.42,2024-01-16,B326059,
221.0,Office Supplies - Printer Ink,426.42,2024-08-18,B494660,
222.0,Office Furniture - Desk,113.22,2024-04-18,B501435,
223.0,Office Supplies - Stationery,80.01,2024-05-17,B279706,
224.0,Office Supplies - Printer Ink,426.42,2024-07-13,B109517,
225.0,Office Supplies - Printer Paper,443.65,2024-01-05,B991024,
226.0,Travel - Business Trip,407.36,2024-05-27,B647227,
227.0,Office Supplies - Printer Ink,426.42,2024-05-22,B113356,
228.0,Office Furniture - Desk,113.22,2024-03-04,B856712,
229.0,Office Supplies - Notebooks,93.65,2024-03-22,B661326,
230.0,Office Supplies - Stationery,80.01,2024-06-19,B270210,
231.0,Office Furniture - Desk,113.22,2024-06-21,B373152,
232.0,Office Supplies - Printer Ink,426.42,2024-05-25,B668383,
233.0,Office Supplies - Stationery,80.01,2024-06-04,B704261,
234.0,Travel - Business Trip,407.36,2024-04-15,B906386,
235.0,Office Supplies - Printer Ink,426.42,2024-05-20,B428605,
236.0,Office Furniture - Desk,113.22,2024-05-29,B629195,
237.0,Conference Room Booking,378.14,2024-05-02,B474770,
238.0,Office Supplies - Printer Paper,443.65,2024-06-25,B917975,
239.0,Office Supplies - Notebooks,93.65,2024-02-09,B224653,
240.0,Office Furniture - Desk,113.22,2024-08-18,B392139,
241.0,Office Supplies - Stationery,80.01,2024-02-21,B681873,
242.0,Office Supplies - Printer Ink,426.42,2024-05-27,B933856,
243.0,Office Supplies - Printer Paper,443.65,2024-07-26,B365556,
244.0,Office Supplies - Printer Ink,426.42,2024-02-20,B478703,
245.0,Office Supplies - Stationery,80.01,2024-02-29,B387113,
246.0,Office Supplies - Printer Ink,426.42,2024-01-18,B181662,
247.0,Conference Room Booking,378.14,2024-01-28,B886713,
248.0,Office Supplies - Printer Paper,443.65,2024-07-24,B116723,
249.0,Office Supplies - Printer Paper,443.65,2024-01-16,B579715,
250.0,Office Supplies - Stationery,80.01,2024-01-01,B361994,
251.0,Office Supplies - Notebooks,93.65,2024-03-29,B545381,
252.0,Conference Room Booking,378.14,2024-03-11,B783807,
253.0,Office Furniture - Desk,113.22,2024-07-17,B189548,
254.0,Office Supplies - Printer Ink,426.42,2024-01-22,B551517,
255.0,Travel - Business Trip,407.36,2024-05-05,B768373,
256.0,Office Supplies - Printer Ink,426.42,2024-01-25,B789633,
257.0,Office Supplies - Printer Ink,426.42,2024-07-12,B621939,
258.0,Office Furniture - Desk,113.22,2024-06-18,B851264,
259.0,Office Supplies - Printer Ink,426.42,2024-04-04,B988815,
260.0,Conference Room Booking,378.14,2024-06-13,B842034,
261.0,Conference Room Booking,378.14,2024-05-03,B765430,
262.0,Office Supplies - Printer Paper,443.65,2024-06-15,B722562,
263.0,Office Supplies - Stationery,80.01,2024-06-01,B414156,
264.0,Office Supplies - Notebooks,93.65,2024-05-21,B161555,
265.0,Travel - Business Trip,407.36,2024-05-03,B323101,
266.0,Office Supplies - Printer Ink,426.42,2024-05-01,B716512,
267.0,Office Supplies - Printer Ink,426.42,2024-05-02,B971229,
268.0,Office Furniture - Desk,113.22,2024-02-28,B460300,
269.0,Office Supplies - Stationery,80.01,2024-06-14,B209621,
270.0,Conference Room Booking,378.14,2024-02-12,B842538,
271.0,Travel - Business Trip,407.36,2024-04-06,B712792,
272.0,Office Supplies - Printer Paper,443.65,2024-02-27,B698883,
273.0,Conference Room Booking,378.14,2024-07-16,B936772,
274.0,Office Supplies - Stationery,80.01,2024-03-18,B474394,
275.0,Office Supplies - Notebooks,93.65,2024-07-07,B831215,
276.0,Office Supplies - Printer Paper,443.65,2024-08-04,B428566,
277.0,Office Supplies - Notebooks,93.65,2024-05-01,B701466,
278.0,Office Furniture - Desk,113.22,2024-08-17,B329040,
279.0,Office Furniture - Desk,113.22,2024-08-06,B356247,
280.0,Office Supplies - Printer Ink,426.42,2024-06-13,B169831,
281.0,Office Supplies - Notebooks,93.65,2024-03-12,B597329,
282.0,Office Supplies - Stationery,80.01,2024-07-09,B871007,
283.0,Travel - Business Trip,407.36,2024-05-11,B371739,
284.0,Office Supplies - Printer Paper,443.65,2024-02-28,B172152,
285.0,Conference Room Booking,378.14,2024-02-22,B484530,
286.0,Office Supplies - Stationery,80.01,2024-03-21,B605999,
287.0,Office Supplies - Stationery,80.01,2024-03-25,B908487,
288.0,Office Furniture - Desk,113.22,2024-05-05,B994128,
289.0,Office Supplies - Notebooks,93.65,2024-08-12,B114311,
290.0,Office Supplies - Printer Ink,426.42,2024-01-24,B227654,
291.0,Office Supplies - Printer Ink,426.42,2024-03-15,B793204,
292.0,Office Supplies - Printer Paper,443.65,2024-06-05,B721921,
293.0,Office Furniture - Desk,113.22,2024-05-25,B600104,
294.0,Office Supplies - Stationery,80.01,2024-07-30,B110266,
295.0,Travel - Business Trip,407.36,2024-05-12,B866449,
296.0,Office Furniture - Desk,113.22,2024-06-01,B618779,
297.0,Office Supplies - Printer Paper,443.65,2024-03-18,B511053,
298.0,Office Supplies - Printer Paper,443.65,2024-06-27,B889999,
299.0,Office Furniture - Desk,113.22,2024-08-03,B820835,
300.0,Office Supplies - Printer Paper,443.65,2024-02-26,B584015,
301.0,Office Furniture - Desk,113.22,2024-04-26,B841632,
302.0,Conference Room Booking,378.14,2024-01-15,B914306,
303.0,Office Furniture - Desk,113.22,2024-03-08,B376512,
304.0,Office Supplies - Notebooks,93.65,2024-04-25,B957373,
305.0,Office Furniture - Desk,113.22,2024-08-14,B234568,
306.0,Office Supplies - Printer Paper,443.65,2024-04-17,B574582,
307.0,Office Supplies - Notebooks,93.65,2024-07-14,B973500,
308.0,Office Supplies - Printer Paper,443.65,2024-03-09,B251714,
309.0,Office Supplies - Printer Ink,426.42,2024-03-19,B162069,
310.0,Office Supplies - Printer Ink,426.42,2024-06-12,B234232,
311.0,Office Supplies - Notebooks,93.65,2024-08-08,B490355,
312.0,Conference Room Booking,378.14,2024-05-30,B641926,
313.0,Office Supplies - Printer Ink,426.42,2024-06-09,B564893,
314.0,Office Furniture - Desk,113.22,2024-04-03,B848381,
315.0,Office Supplies - Printer Paper,443.65,2024-08-18,B514851,
316.0,Office Supplies - Printer Ink,426.42,2024-03-21,B893854,
317.0,Office Supplies - Printer Ink,426.42,2024-03-07,B285534,
318.0,Conference Room Booking,378.14,2024-03-31,B931195,
319.0,Office Supplies - Notebooks,93.65,2024-03-31,B427150,
320.0,Office Supplies - Notebooks,93.65,2024-08-06,B699987,
321.0,Office Supplies - Stationery,80.01,2024-07-26,B922871,
322.0,Conference Room Booking,378.14,2024-01-30,B225767,
323.0,Office Furniture - Desk,113.22,2024-05-10,B496998,
324.0,Office Supplies - Notebooks,93.65,2024-05-30,B308540,
325.0,Office Supplies - Printer Paper,443.65,2024-05-03,B889348,
326.0,Conference Room Booking,378.14,2024-04-21,B376232,
327.0,Office Supplies - Printer Ink,426.42,2024-03-25,B410467,
328.0,Office Supplies - Printer Paper,443.65,2024-04-12,B785229,
329.0,Office Supplies - Printer Paper,443.65,2024-08-11,B490198,
330.0,Office Supplies - Printer Ink,426.42,2024-02-07,B419549,
331.0,Conference Room Booking,378.14,2024-05-26,B457227,
332.0,Office Supplies - Printer Ink,426.42,2024-08-19,B562063,
333.0,Office Supplies - Stationery,80.01,2024-07-08,B829911,
334.0,Office Supplies - Printer Paper,443.65,2024-01-04,B453852,
335.0,Travel - Business Trip,407.36,2024-07-20,B790615,
336.0,Travel - Business Trip,407.36,2024-03-06,B951547,
337.0,Office Furniture - Desk,113.22,2024-03-27,B125284,
338.0,Office Supplies - Notebooks,93.65,2024-07-16,B693798,
339.0,Office Supplies - Printer Ink,426.42,2024-05-16,B948739,
340.0,Office Supplies - Printer Ink,426.42,2024-03-10,B465519,
341.0,Office Furniture - Desk,113.22,2024-04-15,B617625,
342.0,Office Furniture - Desk,113.22,2024-01-27,B987100,
343.0,Office Furniture - Desk,113.22,2024-02-26,B404538,
344.0,Office Supplies - Printer Paper,443.65,2024-01-14,B220973,
345.0,Office Supplies - Stationery,80.01,2024-04-30,B401790,
346.0,Office Supplies - Printer Ink,426.42,2024-03-15,B750700,
347.0,Office Supplies - Printer Paper,443.65,2024-01-05,B281345,
348.0,Office Furniture - Desk,113.22,2024-06-30,B719817,
349.0,Office Supplies - Printer Ink,426.42,2024-01-13,B205720,
350.0,Office Supplies - Printer Paper,443.65,2024-02-11,B698479,
351.0,Office Supplies - Stationery,80.01,2024-04-22,B299914,
352.0,Office Supplies - Printer Paper,443.65,2024-06-10,B226425,
353.0,Office Supplies - Stationery,80.01,2024-01-14,B142549,
354.0,Office Furniture - Desk,113.22,2024-02-08,B869649,
355.0,Office Supplies - Stationery,80.01,2024-05-08,B264605,
356.0,Office Supplies - Printer Ink,426.42,2024-05-15,B843778,
357.0,Office Furniture - Desk,113.22,2024-05-29,B997162,
358.0,Office Supplies - Printer Ink,426.42,2024-01-07,B743794,
359.0,Travel - Business Trip,407.36,2024-07-19,B135450,
360.0,Conference Room Booking,378.14,2024-05-06,B864427,
361.0,Office Supplies - Stationery,80.01,2024-04-29,B253831,
362.0,Conference Room Booking,378.14,2024-07-22,B336030,
363.0,Conference Room Booking,378.14,2024-07-22,B373457,
364.0,Office Supplies - Stationery,80.01,2024-06-13,B744455,
365.0,Office Furniture - Desk,113.22,2024-03-30,B256593,
366.0,Travel - Business Trip,407.36,2024-06-23,B128796,
367.0,Office Supplies - Printer Ink,426.42,2024-02-23,B768938,
368.0,Office Supplies - Printer Paper,443.65,2024-08-04,B451334,
369.0,Office Supplies - Printer Ink,426.42,2024-08-17,B183861,
370.0,Office Supplies - Printer Paper,443.65,2024-03-24,B913745,
371.0,Office Supplies - Printer Ink,426.42,2024-04-19,B436172,
372.0,Office Supplies - Stationery,80.01,2024-01-06,B818542,
373.0,Travel - Business Trip,407.36,2024-08-07,B773937,
374.0,Office Supplies - Printer Paper,443.65,2024-05-21,B294793,
375.0,Office Supplies - Notebooks,93.65,2024-01-08,B941859,
376.0,Office Furniture - Desk,113.22,2024-07-15,B149440,
377.0,Office Supplies - Printer Ink,426.42,2024-08-19,B970741,
378.0,Office Supplies - Printer Ink,426.42,2024-06-01,B633253,
379.0,Office Supplies - Printer Paper,443.65,2024-01-26,B338469,
380.0,Office Furniture - Desk,113.22,2024-06-09,B117794,
381.0,Office Furniture - Desk,113.22,2024-05-30,B918671,
382.0,Office Supplies - Stationery,80.01,2024-02-23,B190148,
383.0,Office Supplies - Notebooks,93.65,2024-04-27,B333096,
384.0,Office Supplies - Stationery,80.01,2024-02-16,B325318,
385.0,Office Supplies - Stationery,80.01,2024-08-05,B194072,
386.0,Office Supplies - Stationery,80.01,2024-05-04,B305135,
387.0,Office Supplies - Stationery,80.01,2024-07-25,B226162,
388.0,Office Supplies - Stationery,80.01,2024-06-15,B156262,
389.0,Travel - Business Trip,407.36,2024-02-09,B663367,
390.0,Office Furniture - Desk,113.22,2024-06-07,B231492,
391.0,Office Supplies - Stationery,80.01,2024-05-12,B388561,
392.0,Office Furniture - Desk,113.22,2024-05-08,B955863,
393.0,Office Furniture - Desk,113.22,2024-05-17,B696543,
394.0,Conference Room Booking,378.14,2024-07-08,B615874,
395.0,Travel - Business Trip,407.36,2024-06-18,B637355,
396.0,Office Supplies - Stationery,80.01,2024-04-17,B729630,
397.0,Office Supplies - Printer Ink,426.42,2024-07-03,B733570,
398.0,Office Supplies - Printer Paper,443.65,2024-01-17,B941625,
399.0,Office Supplies - Notebooks,93.65,2024-01-26,B312438,
400.0,Office Supplies - Printer Ink,426.42,2024-06-16,B845440,
401.0,Travel - Business Trip,407.36,2024-07-02,B424858,
402.0,Office Supplies - Printer Paper,443.65,2024-07-13,B730469,
403.0,Travel - Business Trip,407.36,2024-08-06,B549233,
404.0,Office Furniture - Desk,113.22,2024-02-27,B724561,
405.0,Office Supplies - Printer Paper,443.65,2024-08-12,B984792,
406.0,Office Furniture - Desk,113.22,2024-05-17,B787761,
407.0,Office Supplies - Printer Ink,426.42,2024-08-05,B584860,
408.0,Office Supplies - Printer Ink,426.42,2024-03-30,B347305,
409.0,Office Supplies - Printer Paper,443.65,2024-06-17,B765289,
410.0,Office Supplies - Printer Paper,443.65,2024-01-08,B460235,
411.0,Office Supplies - Stationery,80.01,2024-01-02,B186901,
412.0,Travel - Business Trip,407.36,2024-02-16,B731292,
413.0,Office Supplies - Stationery,80.01,2024-04-30,B924896,
414.0,Travel - Business Trip,407.36,2024-06-09,B483217,
415.0,Office Supplies - Stationery,80.01,2024-05-07,B381809,
416.0,Office Furniture - Desk,113.22,2024-04-25,B524616,
417.0,Office Supplies - Printer Paper,443.65,2024-03-07,B747948,
418.0,Office Supplies - Printer Ink,426.42,2024-02-23,B316710,
419.0,Travel - Business Trip,407.36,2024-05-18,B643955,
420.0,Travel - Business Trip,407.36,2024-06-01,B950596,
421.0,Office Supplies - Printer Ink,426.42,2024-08-05,B926867,
422.0,Office Supplies - Stationery,80.01,2024-05-05,B271464,
423.0,Travel - Business Trip,407.36,2024-05-27,B129794,
424.0,Office Supplies - Notebooks,93.65,2024-08-09,B967951,
425.0,Office Furniture - Desk,113.22,2024-03-13,B616332,
426.0,Office Supplies - Printer Paper,443.65,2024-08-07,B691620,
427.0,Office Supplies - Printer Ink,426.42,2024-04-07,B123475,
428.0,Office Supplies - Printer Paper,443.65,2024-07-29,B896006,
429.0,Office Supplies - Notebooks,93.65,2024-03-07,B325232,
430.0,Travel - Business Trip,407.36,2024-01-31,B924050,
431.0,Travel - Business Trip,407.36,2024-03-17,B418137,
432.0,Office Supplies - Notebooks,93.65,2024-06-03,B613674,
433.0,Office Supplies - Printer Ink,426.42,2024-04-29,B845349,
434.0,Office Furniture - Desk,113.22,2024-08-01,B179065,
435.0,Conference Room Booking,378.14,2024-03-22,B190478,
436.0,Office Supplies - Printer Ink,426.42,2024-08-14,B634145,
437.0,Conference Room Booking,378.14,2024-08-10,B872324,
438.0,Office Supplies - Notebooks,93.65,2024-04-20,B701032,
439.0,Office Supplies - Stationery,80.01,2024-01-03,B631298,
440.0,Conference Room Booking,378.14,2024-02-13,B396892,
441.0,Office Furniture - Desk,113.22,2024-03-02,B369371,
442.0,Office Supplies - Stationery,80.01,2024-01-27,B560780,
443.0,Conference Room Booking,378.14,2024-06-27,B627354,
444.0,Office Supplies - Notebooks,93.65,2024-06-24,B449855,
445.0,Office Supplies - Stationery,80.01,2024-07-11,B937987,
446.0,Office Supplies - Notebooks,93.65,2024-05-04,B745729,
447.0,Conference Room Booking,378.14,2024-05-12,B917710,
448.0,Office Supplies - Notebooks,93.65,2024-07-21,B473244,
449.0,Office Furniture - Desk,113.22,2024-04-01,B523924,
450.0,Conference Room Booking,378.14,2024-03-23,B412581,
451.0,Conference Room Booking,378.14,2024-05-26,B691044,
452.0,Conference Room Booking,378.14,2024-05-30,B258149,
453.0,Office Supplies - Printer Ink,426.42,2024-07-19,B241561,
454.0,Office Supplies - Printer Ink,426.42,2024-04-18,B943818,
455.0,Office Supplies - Printer Ink,426.42,2024-07-18,B153012,
456.0,Office Furniture - Desk,113.22,2024-08-01,B849411,
457.0,Office Supplies - Stationery,80.01,2024-04-26,B844886,
458.0,Office Supplies - Notebooks,93.65,2024-07-04,B112193,
459.0,Travel - Business Trip,407.36,2024-05-02,B572520,
460.0,Conference Room Booking,378.14,2024-07-31,B871455,
461.0,Office Supplies - Notebooks,93.65,2024-05-06,B348797,
462.0,Conference Room Booking,378.14,2024-02-25,B256094,
463.0,Office Furniture - Desk,113.22,2024-02-02,B935674,
464.0,Conference Room Booking,378.14,2024-01-29,B737389,
465.0,Office Supplies - Printer Ink,426.42,2024-03-15,B634203,
466.0,Travel - Business Trip,407.36,2024-01-12,B880883,
467.0,Office Supplies - Printer Paper,443.65,2024-06-14,B141693,
468.0,Conference Room Booking,378.14,2024-06-02,B666762,
469.0,Office Supplies - Notebooks,93.65,2024-03-21,B744169,
470.0,Office Supplies - Printer Ink,426.42,2024-06-18,B228066,
471.0,Office Supplies - Printer Paper,443.65,2024-04-26,B205907,
472.0,Travel - Business Trip,407.36,2024-05-08,B636074,
473.0,Office Supplies - Printer Paper,443.65,2024-07-01,B155476,
474.0,Office Supplies - Printer Ink,426.42,2024-03-13,B661535,
475.0,Office Supplies - Stationery,80.01,2024-07-31,B137971,
476.0,Office Supplies - Stationery,80.01,2024-08-05,B925182,
477.0,Office Supplies - Printer Paper,443.65,2024-08-19,B790543,
478.0,Office Furniture - Desk,113.22,2024-07-29,B750849,
479.0,Office Supplies - Notebooks,93.65,2024-01-22,B488780,
480.0,Office Supplies - Notebooks,93.65,2024-03-29,B255331,
481.0,Office Supplies - Printer Paper,443.65,2024-06-18,B313157,
482.0,Conference Room Booking,378.14,2024-07-25,B438874,
483.0,Conference Room Booking,378.14,2024-04-22,B782098,
484.0,Office Supplies - Notebooks,93.65,2024-07-21,B960092,
485.0,Office Supplies - Notebooks,93.65,2024-07-28,B254985,
486.0,Office Supplies - Stationery,80.01,2024-08-18,B951123,
487.0,Office Furniture - Desk,113.22,2024-07-15,B660177,
488.0,Office Supplies - Printer Ink,426.42,2024-04-10,B954162,
489.0,Conference Room Booking,378.14,2024-07-01,B721886,
490.0,Office Supplies - Notebooks,93.65,2024-06-19,B130076,
491.0,Office Supplies - Stationery,80.01,2024-01-08,B209638,
492.0,Travel - Business Trip,407.36,2024-04-22,B233881,
493.0,Office Supplies - Stationery,80.01,2024-03-07,B639335,
494.0,Conference Room Booking,378.14,2024-01-05,B540699,
495.0,Conference Room Booking,378.14,2024-03-19,B404170,
496.0,Office Supplies - Stationery,80.01,2024-08-07,B901958,
497.0,Office Supplies - Printer Ink,426.42,2024-04-26,B470641,
498.0,Office Supplies - Printer Paper,443.65,2024-08-03,B126575,
499.0,Conference Room Booking,378.14,2024-05-13,B624427,
500.0,Office Supplies - Stationery,80.01,2024-04-12,B231248,
501.0,Office Supplies - Notebooks,93.65,2024-02-09,B425227,
502.0,Office Supplies - Stationery,80.01,2024-05-06,B828135,
503.0,Office Furniture - Desk,113.22,2024-07-18,B682502,
504.0,Office Supplies - Printer Paper,443.65,2024-05-15,B114179,
505.0,Travel - Business Trip,407.36,2024-05-16,B892142,
506.0,Office Supplies - Printer Ink,426.42,2024-03-14,B257311,
507.0,Travel - Business Trip,407.36,2024-05-13,B142801,
508.0,Office Supplies - Printer Paper,443.65,2024-08-11,B491562,
509.0,Office Supplies - Printer Paper,443.65,2024-04-07,B528267,
510.0,Office Supplies - Printer Paper,443.65,2024-08-11,B105840,
511.0,Travel - Business Trip,407.36,2024-03-08,B684983,
512.0,Office Supplies - Notebooks,93.65,2024-02-04,B527382,
513.0,Office Supplies - Printer Paper,443.65,2024-06-08,B879575,
514.0,Office Supplies - Stationery,80.01,2024-06-07,B453887,
515.0,Travel - Business Trip,407.36,2024-06-18,B736163,
516.0,Office Supplies - Printer Paper,443.65,2024-06-04,B280686,
517.0,Office Supplies - Stationery,80.01,2024-02-23,B160405,
518.0,Office Supplies - Notebooks,93.65,2024-04-22,B922141,
519.0,Office Furniture - Desk,113.22,2024-06-19,B738047,
520.0,Office Supplies - Notebooks,93.65,2024-03-28,B464024,
521.0,Office Supplies - Printer Paper,443.65,2024-05-15,B869471,
522.0,Travel - Business Trip,407.36,2024-07-01,B588518,
523.0,Conference Room Booking,378.14,2024-05-18,B360478,
524.0,Office Supplies - Printer Paper,443.65,2024-05-31,B764940,
525.0,Conference Room Booking,378.14,2024-03-29,B511357,
526.0,Office Supplies - Stationery,80.01,2024-02-06,B862648,
527.0,Office Furniture - Desk,113.22,2024-06-16,B636515,
528.0,Office Supplies - Printer Ink,426.42,2024-02-15,B461794,
529.0,Office Supplies - Notebooks,93.65,2024-08-15,B577669,
530.0,Office Furniture - Desk,113.22,2024-06-21,B343570,
531.0,Office Supplies - Printer Paper,443.65,2024-05-04,B908377,
532.0,Conference Room Booking,378.14,2024-07-06,B992178,
533.0,Office Supplies - Notebooks,93.65,2024-07-06,B681493,
534.0,Conference Room Booking,378.14,2024-03-28,B664113,
535.0,Travel - Business Trip,407.36,2024-03-04,B183627,
536.0,Conference Room Booking,378.14,2024-06-26,B457492,
537.0,Travel - Business Trip,407.36,2024-02-22,B909137,
538.0,Office Supplies - Stationery,80.01,2024-06-29,B791986,
539.0,Office Supplies - Notebooks,93.65,2024-06-01,B782403,
540.0,Office Supplies - Notebooks,93.65,2024-03-25,B185621,
541.0,Office Supplies - Printer Ink,426.42,2024-02-25,B939696,
542.0,Office Supplies - Printer Paper,443.65,2024-03-01,B860511,
543.0,Travel - Business Trip,407.36,2024-03-05,B694238,
544.0,Office Supplies - Printer Ink,426.42,2024-03-31,B824998,
545.0,Conference Room Booking,378.14,2024-02-05,B884595,
546.0,Conference Room Booking,378.14,2024-01-08,B197041,
547.0,Office Supplies - Printer Ink,426.42,2024-04-12,B698903,
548.0,Office Supplies - Notebooks,93.65,2024-06-28,B548810,
549.0,Conference Room Booking,378.14,2024-01-23,B295369,
550.0,Office Supplies - Stationery,80.01,2024-06-24,B374882,
551.0,Office Supplies - Stationery,80.01,2024-07-24,B535147,
552.0,Office Supplies - Printer Ink,426.42,2024-04-17,B330738,
553.0,Travel - Business Trip,407.36,2024-06-21,B611192,
554.0,Travel - Business Trip,407.36,2024-08-13,B856065,
555.0,Office Supplies - Printer Ink,426.42,2024-01-08,B123182,
556.0,Travel - Business Trip,407.36,2024-07-13,B886628,
557.0,Office Supplies - Notebooks,93.65,2024-02-11,B372432,
558.0,Office Supplies - Notebooks,93.65,2024-01-11,B359305,
559.0,Travel - Business Trip,407.36,2024-03-01,B580159,
560.0,Office Supplies - Stationery,80.01,2024-07-25,B939777,
561.0,Travel - Business Trip,407.36,2024-02-04,B847854,
562.0,Office Supplies - Notebooks,93.65,2024-06-22,B294436,
563.0,Office Furniture - Desk,113.22,2024-05-20,B256710,
564.0,Office Supplies - Printer Paper,443.65,2024-05-21,B811598,
565.0,Conference Room Booking,378.14,2024-01-29,B970624,
566.0,Office Furniture - Desk,113.22,2024-04-05,B171479,
567.0,Travel - Business Trip,407.36,2024-01-16,B485141,
568.0,Office Supplies - Stationery,80.01,2024-04-18,B895992,
569.0,Office Supplies - Printer Ink,426.42,2024-03-16,B231450,
570.0,Travel - Business Trip,407.36,2024-05-27,B977055,
571.0,Office Supplies - Stationery,80.01,2024-01-27,B236048,
572.0,Office Supplies - Printer Paper,443.65,2024-06-03,B632137,
573.0,Travel - Business Trip,407.36,2024-01-17,B588747,
574.0,Office Supplies - Notebooks,93.65,2024-05-12,B993026,
575.0,Office Supplies - Printer Ink,426.42,2024-01-30,B550235,
576.0,Office Supplies - Stationery,80.01,2024-07-02,B112839,
577.0,Office Supplies - Stationery,80.01,2024-08-14,B832981,
578.0,Office Supplies - Stationery,80.01,2024-04-16,B800173,
579.0,Office Supplies - Printer Paper,443.65,2024-04-13,B321061,
580.0,Travel - Business Trip,407.36,2024-07-23,B511694,
581.0,Office Supplies - Printer Paper,443.65,2024-02-22,B126017,
582.0,Conference Room Booking,378.14,2024-05-27,B991542,
583.0,Conference Room Booking,378.14,2024-01-21,B690102,
584.0,Travel - Business Trip,407.36,2024-05-24,B253468,
585.0,Office Supplies - Notebooks,93.65,2024-03-16,B215701,
586.0,Office Supplies - Printer Paper,443.65,2024-05-05,B325962,
587.0,Office Supplies - Printer Ink,426.42,2024-01-01,B401529,
588.0,Office Supplies - Stationery,80.01,2024-07-19,B766485,
589.0,Office Supplies - Stationery,80.01,2024-02-26,B985051,
590.0,Travel - Business Trip,407.36,2024-05-12,B148113,
591.0,Office Supplies - Notebooks,93.65,2024-04-02,B444706,
592.0,Conference Room Booking,378.14,2024-02-15,B541785,
593.0,Conference Room Booking,378.14,2024-03-09,B119765,
594.0,Office Supplies - Stationery,80.01,2024-03-10,B736733,
595.0,Travel - Business Trip,407.36,2024-05-19,B446613,
596.0,Office Supplies - Printer Paper,443.65,2024-05-23,B295617,
597.0,Conference Room Booking,378.14,2024-03-19,B883589,
598.0,Office Supplies - Printer Paper,443.65,2024-02-01,B254291,
599.0,Office Supplies - Notebooks,93.65,2024-05-26,B563805,
600.0,Conference Room Booking,378.14,2024-01-18,B646694,
601.0,Conference Room Booking,378.14,2024-06-12,B819057,
602.0,Office Furniture - Desk,113.22,2024-05-05,B799202,
603.0,Conference Room Booking,378.14,2024-06-19,B762647,
604.0,Office Supplies - Printer Ink,426.42,2024-02-25,B575493,
605.0,Travel - Business Trip,407.36,2024-04-26,B542757,
606.0,Travel - Business Trip,407.36,2024-05-26,B751268,
607.0,Office Supplies - Printer Paper,443.65,2024-01-12,B391042,
608.0,Office Supplies - Notebooks,93.65,2024-02-01,B631577,
609.0,Conference Room Booking,378.14,2024-01-15,B777769,
610.0,Office Supplies - Printer Ink,426.42,2024-05-08,B323270,
611.0,Office Supplies - Printer Paper,443.65,2024-05-18,B189326,
612.0,Office Furniture - Desk,113.22,2024-02-17,B259013,
613.0,Office Supplies - Printer Paper,443.65,2024-03-14,B957566,
614.0,Office Supplies - Printer Paper,443.65,2024-08-16,B922404,
615.0,Conference Room Booking,378.14,2024-02-27,B971906,
616.0,Office Furniture - Desk,113.22,2024-06-21,B256651,
617.0,Office Supplies - Printer Paper,443.65,2024-06-14,B195200,
618.0,Office Supplies - Printer Ink,426.42,2024-06-19,B766855,
619.0,Office Supplies - Printer Ink,426.42,2024-05-24,B825383,
620.0,Travel - Business Trip,407.36,2024-07-01,B100706,
621.0,Office Furniture - Desk,113.22,2024-05-10,B424808,
622.0,Office Furniture - Desk,113.22,2024-03-22,B312883,
623.0,Travel - Business Trip,407.36,2024-05-06,B643090,
624.0,Office Supplies - Printer Paper,443.65,2024-07-26,B766475,
625.0,Office Furniture - Desk,113.22,2024-01-18,B368982,
626.0,Office Supplies - Printer Ink,426.42,2024-08-11,B985247,
627.0,Office Supplies - Printer Ink,426.42,2024-03-08,B823100,
628.0,Conference Room Booking,378.14,2024-06-29,B986406,
629.0,Office Furniture - Desk,113.22,2024-01-07,B713266,
630.0,Office Supplies - Printer Paper,443.65,2024-01-07,B586013,
631.0,Travel - Business Trip,407.36,2024-03-01,B454873,
632.0,Travel - Business Trip,407.36,2024-05-30,B520327,
633.0,Office Supplies - Printer Paper,443.65,2024-01-05,B171065,
634.0,Office Supplies - Notebooks,93.65,2024-02-03,B220885,
635.0,Office Supplies - Stationery,80.01,2024-07-19,B438975,
636.0,Conference Room Booking,378.14,2024-05-07,B859903,
637.0,Travel - Business Trip,407.36,2024-06-03,B513422,
638.0,Office Furniture - Desk,113.22,2024-05-24,B272517,
639.0,Conference Room Booking,378.14,2024-02-11,B800809,
640.0,Office Furniture - Desk,113.22,2024-01-02,B803648,
641.0,Office Supplies - Notebooks,93.65,2024-01-27,B367949,
642.0,Office Supplies - Printer Ink,426.42,2024-02-26,B619090,
643.0,Conference Room Booking,378.14,2024-05-19,B323303,
644.0,Travel - Business Trip,407.36,2024-02-09,B718228,
645.0,Conference Room Booking,378.14,2024-02-20,B578658,
646.0,Conference Room Booking,378.14,2024-02-19,B752040,
647.0,Conference Room Booking,378.14,2024-08-15,B398941,
648.0,Office Supplies - Stationery,80.01,2024-02-08,B639479,
649.0,Conference Room Booking,378.14,2024-03-02,B893953,
650.0,Office Furniture - Desk,113.22,2024-06-20,B334087,
651.0,Office Supplies - Printer Ink,426.42,2024-07-22,B607258,
652.0,Office Supplies - Notebooks,93.65,2024-04-01,B380215,
653.0,Office Supplies - Printer Paper,443.65,2024-04-21,B406689,
654.0,Conference Room Booking,378.14,2024-01-18,B635089,
655.0,Travel - Business Trip,407.36,2024-05-09,B452655,
656.0,Conference Room Booking,378.14,2024-02-09,B937441,
657.0,Travel - Business Trip,407.36,2024-08-02,B431911,
658.0,Office Furniture - Desk,113.22,2024-05-25,B616584,
659.0,Travel - Business Trip,407.36,2024-07-10,B503744,
660.0,Office Supplies - Printer Paper,443.65,2024-05-01,B421753,
661.0,Office Supplies - Printer Ink,426.42,2024-06-17,B148511,
662.0,Travel - Business Trip,407.36,2024-02-04,B766620,
663.0,Travel - Business Trip,407.36,2024-07-03,B521414,
664.0,Office Supplies - Printer Ink,426.42,2024-01-01,B626570,
665.0,Office Supplies - Printer Paper,443.65,2024-07-15,B836883,
666.0,Conference Room Booking,378.14,2024-02-22,B179557,
667.0,Travel - Business Trip,407.36,2024-05-29,B588286,
668.0,Office Supplies - Printer Ink,426.42,2024-07-28,B877374,
669.0,Office Furniture - Desk,113.22,2024-07-22,B628809,
670.0,Office Supplies - Printer Ink,426.42,2024-02-17,B705084,
671.0,Office Furniture - Desk,113.22,2024-06-25,B136670,
672.0,Office Supplies - Printer Paper,443.65,2024-07-31,B590653,
673.0,Conference Room Booking,378.14,2024-06-18,B114970,
674.0,Office Supplies - Printer Ink,426.42,2024-07-20,B171288,
675.0,Office Supplies - Notebooks,93.65,2024-08-18,B395823,
676.0,Office Supplies - Notebooks,93.65,2024-05-02,B636618,
677.0,Office Supplies - Stationery,80.01,2024-04-14,B207721,
678.0,Travel - Business Trip,407.36,2024-01-02,B466248,
679.0,Office Supplies - Printer Paper,443.65,2024-03-14,B836745,
680.0,Office Supplies - Printer Ink,426.42,2024-02-08,B249712,
681.0,Office Supplies - Notebooks,93.65,2024-03-11,B223465,
682.0,Travel - Business Trip,407.36,2024-06-07,B258324,
683.0,Office Supplies - Notebooks,93.65,2024-01-03,B740467,
684.0,Office Supplies - Printer Ink,426.42,2024-04-04,B622207,
685.0,Office Furniture - Desk,113.22,2024-03-09,B695800,
686.0,Office Supplies - Printer Ink,426.42,2024-03-17,B599188,
687.0,Office Supplies - Stationery,80.01,2024-07-04,B942678,
688.0,Office Supplies - Printer Ink,426.42,2024-06-26,B172167,
689.0,Office Supplies - Printer Ink,426.42,2024-02-05,B864413,
690.0,Office Supplies - Stationery,80.01,2024-08-03,B379238,
691.0,Office Supplies - Printer Paper,443.65,2024-01-24,B445932,
692.0,Office Supplies - Printer Ink,426.42,2024-02-15,B546606,
693.0,Office Supplies - Stationery,80.01,2024-06-15,B409952,
694.0,Travel - Business Trip,407.36,2024-06-21,B483271,
695.0,Office Furniture - Desk,113.22,2024-03-19,B842484,
696.0,Office Furniture - Desk,113.22,2024-03-27,B207875,
697.0,Office Supplies - Printer Ink,426.42,2024-03-23,B348799,
698.0,Office Supplies - Printer Paper,443.65,2024-03-30,B839103,
699.0,Office Supplies - Printer Paper,443.65,2024-05-18,B110986,
700.0,Travel - Business Trip,407.36,2024-08-18,B371026,
701.0,Office Supplies - Printer Ink,426.42,2024-04-11,B232997,
702.0,Office Furniture - Desk,113.22,2024-04-12,B237930,
703.0,Office Supplies - Printer Paper,443.65,2024-04-12,B353836,
704.0,Office Supplies - Printer Ink,426.42,2024-04-07,B753442,
705.0,Office Supplies - Notebooks,93.65,2024-05-31,B668691,
706.0,Office Supplies - Printer Paper,443.65,2024-07-03,B623337,
707.0,Office Supplies - Stationery,80.01,2024-06-17,B232800,
708.0,Office Supplies - Notebooks,93.65,2024-06-20,B143923,
709.0,Office Supplies - Printer Paper,443.65,2024-08-03,B740042,
710.0,Office Furniture - Desk,113.22,2024-08-19,B184654,
711.0,Conference Room Booking,378.14,2024-04-09,B791121,
712.0,Office Supplies - Notebooks,93.65,2024-06-16,B255839,
713.0,Travel - Business Trip,407.36,2024-03-19,B560033,
714.0,Travel - Business Trip,407.36,2024-01-26,B440216,
715.0,Office Furniture - Desk,113.22,2024-02-09,B997207,
716.0,Office Supplies - Printer Paper,443.65,2024-04-18,B157367,
717.0,Office Supplies - Printer Ink,426.42,2024-01-11,B738248,
718.0,Office Supplies - Printer Paper,443.65,2024-01-07,B725466,
719.0,Office Furniture - Desk,113.22,2024-05-15,B395827,
720.0,Travel - Business Trip,407.36,2024-07-07,B263413,
721.0,Office Supplies - Printer Paper,443.65,2024-03-16,B932201,
722.0,Travel - Business Trip,407.36,2024-06-21,B487214,
723.0,Office Supplies - Notebooks,93.65,2024-04-01,B662334,
724.0,Office Supplies - Printer Ink,426.42,2024-07-09,B895635,
725.0,Office Supplies - Notebooks,93.65,2024-05-12,B875715,
726.0,Travel - Business Trip,407.36,2024-07-29,B329428,
727.0,Travel - Business Trip,407.36,2024-01-15,B684211,
728.0,Conference Room Booking,378.14,2024-03-20,B127326,
729.0,Conference Room Booking,378.14,2024-03-22,B684406,
730.0,Office Supplies - Notebooks,93.65,2024-06-04,B177339,
731.0,Office Supplies - Stationery,80.01,2024-08-04,B247038,
732.0,Office Supplies - Notebooks,93.65,2024-01-17,B508071,
733.0,Conference Room Booking,378.14,2024-06-06,B234585,
734.0,Travel - Business Trip,407.36,2024-04-22,B583307,
735.0,Office Furniture - Desk,113.22,2024-03-12,B162426,
736.0,Office Supplies - Notebooks,93.65,2024-03-16,B585108,
737.0,Travel - Business Trip,407.36,2024-06-11,B706288,
738.0,Office Furniture - Desk,113.22,2024-05-12,B444479,
739.0,Office Furniture - Desk,113.22,2024-08-05,B269282,
740.0,Conference Room Booking,378.14,2024-05-14,B554073,
741.0,Office Supplies - Notebooks,93.65,2024-03-20,B456748,
742.0,Office Supplies - Printer Paper,443.65,2024-03-02,B780627,
743.0,Office Supplies - Printer Ink,426.42,2024-05-20,B972986,
744.0,Conference Room Booking,378.14,2024-03-06,B101712,
745.0,Conference Room Booking,378.14,2024-01-13,B761339,
746.0,Office Supplies - Printer Paper,443.65,2024-08-05,B392240,
747.0,Office Supplies - Printer Ink,426.42,2024-04-30,B656933,
748.0,Travel - Business Trip,407.36,2024-06-23,B667073,
749.0,Office Supplies - Stationery,80.01,2024-08-08,B295958,
750.0,Office Supplies - Notebooks,93.65,2024-05-04,B619435,
751.0,Office Supplies - Stationery,80.01,2024-01-26,B680362,
752.0,Travel - Business Trip,407.36,2024-02-14,B334696,
753.0,Conference Room Booking,378.14,2024-07-19,B870328,
754.0,Office Supplies - Printer Ink,426.42,2024-02-28,B988110,
755.0,Conference Room Booking,378.14,2024-01-14,B449641,
756.0,Office Furniture - Desk,113.22,2024-06-13,B869032,
757.0,Conference Room Booking,378.14,2024-06-21,B371335,
758.0,Conference Room Booking,378.14,2024-08-16,B252932,
759.0,Travel - Business Trip,407.36,2024-04-11,B384573,
760.0,Travel - Business Trip,407.36,2024-08-03,B627212,
761.0,Travel - Business Trip,407.36,2024-06-17,B926866,
762.0,Office Supplies - Stationery,80.01,2024-04-14,B824664,
763.0,Office Furniture - Desk,113.22,2024-05-04,B714219,
764.0,Travel - Business Trip,407.36,2024-01-27,B220950,
765.0,Office Supplies - Printer Ink,426.42,2024-02-08,B739984,
766.0,Office Supplies - Stationery,80.01,2024-02-15,B607834,
767.0,Office Supplies - Printer Paper,443.65,2024-02-12,B811129,
768.0,Office Supplies - Printer Ink,426.42,2024-03-21,B308255,
769.0,Office Supplies - Notebooks,93.65,2024-04-28,B789193,
770.0,Office Supplies - Notebooks,93.65,2024-04-04,B901317,
771.0,Office Supplies - Printer Ink,426.42,2024-04-18,B893283,
772.0,Travel - Business Trip,407.36,2024-03-13,B100059,
773.0,Office Supplies - Printer Paper,443.65,2024-06-19,B118774,
774.0,Office Supplies - Printer Paper,443.65,2024-05-04,B747395,
775.0,Office Supplies - Stationery,80.01,2024-05-25,B718198,
776.0,Office Supplies - Printer Paper,443.65,2024-04-06,B646651,
777.0,Office Supplies - Notebooks,93.65,2024-04-03,B779559,
778.0,Office Furniture - Desk,113.22,2024-03-18,B698875,
779.0,Travel - Business Trip,407.36,2024-05-09,B774358,
780.0,Office Supplies - Printer Paper,443.65,2024-04-05,B927076,
781.0,Office Supplies - Stationery,80.01,2024-05-23,B913302,
782.0,Office Supplies - Notebooks,93.65,2024-08-12,B739616,
783.0,Office Furniture - Desk,113.22,2024-04-14,B730428,
784.0,Conference Room Booking,378.14,2024-07-01,B782216,
785.0,Conference Room Booking,378.14,2024-03-09,B536255,
786.0,Office Furniture - Desk,113.22,2024-01-22,B420076,
787.0,Office Supplies - Notebooks,93.65,2024-02-09,B884554,
788.0,Office Supplies - Stationery,80.01,2024-03-19,B784693,
789.0,Office Furniture - Desk,113.22,2024-07-10,B482470,
790.0,Travel - Business Trip,407.36,2024-08-05,B620991,
791.0,Travel - Business Trip,407.36,2024-02-18,B388827,
792.0,Conference Room Booking,378.14,2024-04-17,B837976,
793.0,Office Supplies - Printer Paper,443.65,2024-02-18,B619836,
794.0,Office Supplies - Stationery,80.01,2024-05-15,B811856,
795.0,Conference Room Booking,378.14,2024-07-05,B126658,
796.0,Office Supplies - Printer Paper,443.65,2024-01-06,B925527,
797.0,Office Supplies - Printer Paper,443.65,2024-03-09,B695960,
798.0,Travel - Business Trip,407.36,2024-05-03,B705050,
799.0,Office Supplies - Notebooks,93.65,2024-04-11,B231180,
800.0,Office Supplies - Printer Ink,426.42,2024-01-27,B926083,
801.0,Office Supplies - Notebooks,93.65,2024-01-15,B401973,
802.0,Office Supplies - Printer Ink,426.42,2024-01-30,B553900,
803.0,Office Furniture - Desk,113.22,2024-04-11,B391942,
804.0,Travel - Business Trip,407.36,2024-01-13,B805793,
805.0,Office Supplies - Printer Paper,443.65,2024-03-28,B109024,
806.0,Office Supplies - Stationery,80.01,2024-03-19,B784629,
807.0,Office Supplies - Printer Ink,426.42,2024-05-30,B457989,
808.0,Office Supplies - Notebooks,93.65,2024-06-18,B217411,
809.0,Office Supplies - Printer Paper,443.65,2024-03-18,B274981,
810.0,Office Supplies - Printer Ink,426.42,2024-06-23,B579948,
811.0,Office Supplies - Printer Ink,426.42,2024-07-05,B978947,
812.0,Office Supplies - Printer Ink,426.42,2024-06-12,B561563,
813.0,Office Supplies - Stationery,80.01,2024-03-02,B257546,
814.0,Travel - Business Trip,407.36,2024-02-26,B990273,
815.0,Office Supplies - Stationery,80.01,2024-05-15,B535682,
816.0,Conference Room Booking,378.14,2024-01-07,B738466,
817.0,Office Supplies - Printer Paper,443.65,2024-05-11,B602325,
818.0,Travel - Business Trip,407.36,2024-01-01,B353022,
819.0,Travel - Business Trip,407.36,2024-03-20,B897368,
820.0,Travel - Business Trip,407.36,2024-01-24,B527590,
821.0,Office Supplies - Notebooks,93.65,2024-01-01,B868113,
822.0,Travel - Business Trip,407.36,2024-05-04,B501894,
823.0,Office Supplies - Stationery,80.01,2024-05-31,B961043,
824.0,Travel - Business Trip,407.36,2024-05-04,B464930,
825.0,Office Furniture - Desk,113.22,2024-03-29,B724709,
826.0,Office Supplies - Printer Paper,443.65,2024-05-26,B369515,
827.0,Travel - Business Trip,407.36,2024-04-14,B649014,
828.0,Office Supplies - Printer Paper,443.65,2024-06-22,B356826,
829.0,Office Furniture - Desk,113.22,2024-01-20,B229865,
830.0,Office Furniture - Desk,113.22,2024-06-28,B435979,
831.0,Office Supplies - Printer Paper,443.65,2024-02-21,B473380,
832.0,Office Supplies - Printer Ink,426.42,2024-02-11,B825633,
833.0,Conference Room Booking,378.14,2024-01-22,B117287,
834.0,Office Supplies - Notebooks,93.65,2024-05-09,B537575,
835.0,Office Supplies - Printer Ink,426.42,2024-06-14,B429816,
836.0,Office Supplies - Printer Ink,426.42,2024-01-11,B977717,
837.0,Office Supplies - Stationery,80.01,2024-01-26,B830670,
838.0,Office Supplies - Notebooks,93.65,2024-01-12,B300078,
839.0,Office Supplies - Notebooks,93.65,2024-04-08,B318966,
840.0,Office Supplies - Printer Ink,426.42,2024-07-04,B431570,
841.0,Travel - Business Trip,407.36,2024-08-14,B489875,
842.0,Office Supplies - Stationery,80.01,2024-03-25,B112103,
843.0,Office Supplies - Stationery,80.01,2024-03-08,B573535,
844.0,Office Furniture - Desk,113.22,2024-01-04,B217571,
845.0,Office Supplies - Notebooks,93.65,2024-06-23,B275424,
846.0,Office Supplies - Printer Ink,426.42,2024-05-28,B209963,
847.0,Office Furniture - Desk,113.22,2024-05-03,B307939,
848.0,Office Supplies - Printer Paper,443.65,2024-04-05,B652115,
849.0,Conference Room Booking,378.14,2024-01-14,B426784,
850.0,Office Supplies - Stationery,80.01,2024-03-26,B295240,
851.0,Office Supplies - Printer Paper,443.65,2024-06-19,B314150,
852.0,Office Supplies - Printer Paper,443.65,2024-06-03,B533662,
853.0,Travel - Business Trip,407.36,2024-01-23,B594928,
854.0,Conference Room Booking,378.14,2024-03-31,B373370,
855.0,Office Supplies - Printer Paper,443.65,2024-06-02,B336364,
856.0,Office Supplies - Printer Paper,443.65,2024-03-08,B114100,
857.0,Conference Room Booking,378.14,2024-01-31,B180531,
858.0,Conference Room Booking,378.14,2024-05-17,B989334,
859.0,Office Supplies - Printer Paper,443.65,2024-07-25,B916066,
860.0,Conference Room Booking,378.14,2024-04-21,B962439,
861.0,Office Supplies - Printer Paper,443.65,2024-01-01,B677566,
862.0,Office Supplies - Printer Paper,443.65,2024-01-09,B818023,
863.0,Travel - Business Trip,407.36,2024-07-14,B130931,
864.0,Office Supplies - Printer Ink,426.42,2024-04-06,B658432,
865.0,Office Supplies - Printer Paper,443.65,2024-03-16,B592484,
866.0,Office Furniture - Desk,113.22,2024-04-19,B386490,
867.0,Office Supplies - Stationery,80.01,2024-01-28,B774926,
868.0,Office Supplies - Notebooks,93.65,2024-01-30,B502190,
869.0,Office Supplies - Printer Ink,426.42,2024-01-02,B693588,
870.0,Office Supplies - Printer Ink,426.42,2024-02-26,B890222,
871.0,Office Supplies - Printer Ink,426.42,2024-01-11,B881770,
872.0,Travel - Business Trip,407.36,2024-03-03,B433228,
873.0,Office Supplies - Printer Paper,443.65,2024-06-14,B965126,
874.0,Travel - Business Trip,407.36,2024-03-10,B653411,
875.0,Office Supplies - Printer Paper,443.65,2024-03-08,B119468,
876.0,Travel - Business Trip,407.36,2024-08-13,B979164,
877.0,Travel - Business Trip,407.36,2024-02-16,B875385,
878.0,Office Supplies - Stationery,80.01,2024-05-07,B123101,
879.0,Office Furniture - Desk,113.22,2024-07-08,B547216,
880.0,Travel - Business Trip,407.36,2024-01-26,B208829,
881.0,Office Supplies - Stationery,80.01,2024-01-24,B417480,
882.0,Conference Room Booking,378.14,2024-06-25,B630564,
883.0,Office Furniture - Desk,113.22,2024-07-28,B441607,
884.0,Travel - Business Trip,407.36,2024-02-17,B870070,
885.0,Office Supplies - Notebooks,93.65,2024-01-24,B347153,
886.0,Office Supplies - Printer Ink,426.42,2024-03-06,B811720,
887.0,Conference Room Booking,378.14,2024-05-04,B606018,
888.0,Conference Room Booking,378.14,2024-01-08,B412709,
889.0,Office Supplies - Stationery,80.01,2024-07-02,B751103,
890.0,Conference Room Booking,378.14,2024-05-02,B417521,
891.0,Office Furniture - Desk,113.22,2024-02-18,B857739,
892.0,Travel - Business Trip,407.36,2024-06-23,B499361,
893.0,Travel - Business Trip,407.36,2024-08-19,B697586,
894.0,Office Supplies - Notebooks,93.65,2024-05-27,B411092,
895.0,Office Supplies - Printer Ink,426.42,2024-04-14,B715653,
896.0,Office Supplies - Stationery,80.01,2024-05-21,B931027,
897.0,Office Supplies - Printer Ink,426.42,2024-01-08,B452889,
898.0,Conference Room Booking,378.14,2024-02-03,B880224,
899.0,Office Supplies - Notebooks,93.65,2024-07-09,B839592,
900.0,Office Supplies - Printer Ink,426.42,2024-07-17,B623585,
901.0,Office Furniture - Desk,113.22,2024-02-25,B545983,
902.0,Travel - Business Trip,407.36,2024-06-20,B287852,
903.0,Conference Room Booking,378.14,2024-02-27,B177656,
904.0,Office Supplies - Notebooks,93.65,2024-04-26,B688259,
905.0,Office Supplies - Printer Ink,426.42,2024-02-13,B854860,
906.0,Office Supplies - Stationery,80.01,2024-06-23,B800018,
907.0,Office Furniture - Desk,113.22,2024-02-07,B231125,
908.0,Office Furniture - Desk,113.22,2024-02-06,B583059,
909.0,Office Supplies - Printer Ink,426.42,2024-06-21,B331272,
910.0,Travel - Business Trip,407.36,2024-07-23,B204246,
911.0,Office Supplies - Printer Ink,426.42,2024-02-09,B764263,
912.0,Conference Room Booking,378.14,2024-02-07,B744116,
913.0,Office Supplies - Printer Ink,426.42,2024-04-02,B885359,
914.0,Office Furniture - Desk,113.22,2024-07-11,B324134,
915.0,Office Supplies - Notebooks,93.65,2024-02-18,B381927,
916.0,Office Supplies - Printer Ink,426.42,2024-01-10,B419289,
917.0,Travel - Business Trip,407.36,2024-03-12,B354743,
918.0,Office Supplies - Notebooks,93.65,2024-07-10,B495172,
919.0,Office Supplies - Stationery,80.01,2024-07-06,B242679,
920.0,Office Supplies - Printer Paper,443.65,2024-02-22,B249502,
921.0,Office Supplies - Printer Ink,426.42,2024-03-06,B289703,
922.0,Travel - Business Trip,407.36,2024-03-21,B284149,
923.0,Office Supplies - Notebooks,93.65,2024-04-17,B917904,
924.0,Travel - Business Trip,407.36,2024-06-03,B453588,
925.0,Office Supplies - Stationery,80.01,2024-05-26,B882201,
926.0,Office Furniture - Desk,113.22,2024-03-28,B226967,
927.0,Travel - Business Trip,407.36,2024-02-06,B369047,
928.0,Office Supplies - Notebooks,93.65,2024-05-26,B298464,
929.0,Travel - Business Trip,407.36,2024-03-06,B200325,
930.0,Travel - Business Trip,407.36,2024-02-06,B845899,
931.0,Travel - Business Trip,407.36,2024-06-01,B255550,
932.0,Conference Room Booking,378.14,2024-06-09,B675426,
933.0,Conference Room Booking,378.14,2024-03-07,B903818,
934.0,Office Furniture - Desk,113.22,2024-02-22,B103954,
935.0,Office Supplies - Printer Ink,426.42,2024-04-20,B701133,
936.0,Travel - Business Trip,407.36,2024-01-22,B160101,
937.0,Office Supplies - Stationery,80.01,2024-06-02,B114637,
938.0,Office Supplies - Printer Ink,426.42,2024-01-21,B706775,
939.0,Office Supplies - Stationery,80.01,2024-01-16,B148690,
940.0,Office Supplies - Printer Ink,426.42,2024-08-03,B740697,
941.0,Office Furniture - Desk,113.22,2024-05-17,B446146,
942.0,Travel - Business Trip,407.36,2024-02-04,B115731,
943.0,Travel - Business Trip,407.36,2024-05-26,B762666,
944.0,Office Supplies - Printer Paper,443.65,2024-02-22,B478133,
945.0,Office Supplies - Stationery,80.01,2024-02-16,B339021,
946.0,Office Supplies - Printer Ink,426.42,2024-07-30,B497582,
947.0,Office Supplies - Printer Ink,426.42,2024-05-12,B600460,
948.0,Conference Room Booking,378.14,2024-04-27,B733472,
949.0,Office Supplies - Printer Paper,443.65,2024-05-25,B607543,
950.0,Office Supplies - Notebooks,93.65,2024-06-24,B845021,
951.0,Office Supplies - Notebooks,93.65,2024-07-14,B288944,
952.0,Conference Room Booking,378.14,2024-03-27,B489361,
953.0,Conference Room Booking,378.14,2024-04-11,B598299,
954.0,Conference Room Booking,378.14,2024-03-14,B765370,
955.0,Office Supplies - Stationery,80.01,2024-01-17,B684718,
956.0,Office Supplies - Stationery,80.01,2024-07-17,B220858,
957.0,Office Furniture - Desk,113.22,2024-06-01,B332134,
958.0,Office Furniture - Desk,113.22,2024-05-13,B610010,
959.0,Conference Room Booking,378.14,2024-07-30,B403236,
960.0,Office Supplies - Printer Paper,443.65,2024-03-15,B608880,
961.0,Office Supplies - Printer Ink,426.42,2024-05-15,B205904,
962.0,Office Supplies - Stationery,80.01,2024-03-21,B604936,
963.0,Office Supplies - Printer Paper,443.65,2024-04-28,B259643,
964.0,Travel - Business Trip,407.36,2024-05-14,B173126,
965.0,Office Supplies - Stationery,80.01,2024-01-25,B511141,
966.0,Office Supplies - Stationery,80.01,2024-06-29,B566595,
967.0,Office Furniture - Desk,113.22,2024-03-10,B970667,
968.0,Office Supplies - Printer Ink,426.42,2024-01-17,B514784,
969.0,Office Supplies - Printer Ink,426.42,2024-01-25,B743701,
970.0,Office Supplies - Notebooks,93.65,2024-08-14,B538481,
971.0,Office Supplies - Notebooks,93.65,2024-08-03,B469453,
972.0,Office Supplies - Notebooks,93.65,2024-08-08,B284567,
973.0,Office Supplies - Notebooks,93.65,2024-06-01,B260884,
974.0,Travel - Business Trip,407.36,2024-03-16,B344061,
975.0,Travel - Business Trip,407.36,2024-01-19,B894506,
976.0,Office Supplies - Stationery,80.01,2024-08-05,B524131,
977.0,Conference Room Booking,378.14,2024-07-22,B304132,
978.0,Office Furniture - Desk,113.22,2024-05-01,B747651,
979.0,Office Furniture - Desk,113.22,2024-06-17,B649913,
980.0,Office Supplies - Notebooks,93.65,2024-02-23,B296434,
981.0,Office Supplies - Stationery,80.01,2024-07-11,B588752,
982.0,Office Supplies - Printer Paper,443.65,2024-03-31,B304648,
983.0,Conference Room Booking,378.14,2024-07-30,B219214,
984.0,Office Supplies - Stationery,80.01,2024-08-17,B167339,
985.0,Conference Room Booking,378.14,2024-02-08,B189865,
986.0,Conference Room Booking,378.14,2024-08-08,B938067,
987.0,Conference Room Booking,378.14,2024-02-17,B948777,
988.0,Office Supplies - Stationery,80.01,2024-04-16,B319545,
989.0,Office Supplies - Notebooks,93.65,2024-06-20,B971965,
990.0,Office Furniture - Desk,113.22,2024-08-12,B986332,
991.0,Office Furniture - Desk,113.22,2024-03-09,B839844,
992.0,Office Supplies - Notebooks,93.65,2024-01-04,B911032,
993.0,Conference Room Booking,378.14,2024-01-23,B599686,
994.0,Office Supplies - Printer Paper,443.65,2024-06-21,B472356,
995.0,Office Supplies - Printer Ink,426.42,2024-04-17,B531653,
996.0,Office Supplies - Stationery,80.01,2024-05-29,B720067,
997.0,Office Supplies - Printer Ink,426.42,2024-03-23,B897127,
998.0,Office Supplies - Notebooks,93.65,2024-01-31,B719761,
999.0,Office Supplies - Printer Paper,443.65,2024-03-31,B550103,
1000.0,Office Supplies - Stationery,80.01,2024-01-13,B872619,
1001.0,Office Supplies - Notebooks,93.65,2024-08-09,B976835,
1002.0,Conference Room Booking,378.14,2024-05-09,B924817,
1003.0,Office Furniture - Desk,113.22,2024-03-30,B881111,
1004.0,Office Supplies - Printer Ink,426.42,2024-01-10,B427058,
1005.0,Travel - Business Trip,407.36,2024-04-08,B570382,
1006.0,Travel - Business Trip,407.36,2024-08-07,B438613,
1007.0,Office Supplies - Printer Paper,443.65,2024-04-11,B275819,
1008.0,Conference Room Booking,378.14,2024-02-21,B561647,
1009.0,Office Supplies - Printer Ink,426.42,2024-06-01,B931698,
1010.0,Conference Room Booking,378.14,2024-05-06,B111267,
1011.0,Office Supplies - Printer Ink,426.42,2024-04-09,B528661,
1012.0,Office Supplies - Printer Paper,443.65,2024-02-16,B581294,
1013.0,Office Supplies - Printer Paper,443.65,2024-06-07,B543018,
1014.0,Travel - Business Trip,407.36,2024-01-30,B111676,
1015.0,Conference Room Booking,378.14,2024-04-01,B927992,
1016.0,Office Supplies - Stationery,80.01,2024-01-06,B505628,
1017.0,Travel - Business Trip,407.36,2024-05-25,B496644,
1018.0,Conference Room Booking,378.14,2024-06-10,B919595,
1019.0,Travel - Business Trip,407.36,2024-02-07,B632002,
1020.0,Office Supplies - Stationery,80.01,2024-01-24,B333103,
1021.0,Office Furniture - Desk,113.22,2024-01-02,B211115,
1022.0,Office Furniture - Desk,113.22,2024-01-16,B274155,
1023.0,Office Furniture - Desk,113.22,2024-02-29,B700360,
1024.0,Office Furniture - Desk,113.22,2024-07-04,B185902,
1025.0,Office Supplies - Notebooks,93.65,2024-03-20,B971070,
1026.0,Office Supplies - Printer Ink,426.42,2024-04-04,B190263,
1027.0,Office Supplies - Notebooks,93.65,2024-02-22,B279335,
1028.0,Office Supplies - Notebooks,93.65,2024-06-08,B980032,
1029.0,Office Supplies - Notebooks,93.65,2024-05-10,B996857,
1030.0,Office Furniture - Desk,113.22,2024-02-26,B166248,
1031.0,Office Supplies - Stationery,80.01,2024-04-24,B622215,
1032.0,Office Supplies - Printer Paper,443.65,2024-06-02,B124312,
1033.0,Office Supplies - Printer Paper,443.65,2024-05-05,B505510,
1034.0,Office Supplies - Printer Ink,426.42,2024-02-24,B857702,
1035.0,Office Furniture - Desk,113.22,2024-04-24,B696722,
1036.0,Office Furniture - Desk,113.22,2024-03-26,B959636,
1037.0,Office Furniture - Desk,113.22,2024-04-27,B850803,
1038.0,Travel - Business Trip,407.36,2024-07-04,B168307,
1039.0,Conference Room Booking,378.14,2024-02-22,B219534,
1040.0,Travel - Business Trip,407.36,2024-01-27,B141440,
1041.0,Conference Room Booking,378.14,2024-07-21,B212768,
1042.0,Office Furniture - Desk,113.22,2024-07-01,B498441,
1043.0,Office Furniture - Desk,113.22,2024-02-29,B507900,
1044.0,Travel - Business Trip,407.36,2024-04-26,B397096,
1045.0,Travel - Business Trip,407.36,2024-06-25,B638062,
1046.0,Conference Room Booking,378.14,2024-05-14,B853435,
1047.0,Office Supplies - Printer Paper,443.65,2024-03-26,B443047,
1048.0,Conference Room Booking,378.14,2024-03-08,B200130,
1049.0,Travel - Business Trip,407.36,2024-04-10,B901862,
1050.0,Office Supplies - Stationery,80.01,2024-08-03,B466732,
1051.0,Travel - Business Trip,407.36,2024-05-04,B427712,
1052.0,Office Supplies - Stationery,80.01,2024-04-12,B921335,
1053.0,Office Supplies - Printer Ink,426.42,2024-03-26,B148261,
1054.0,Travel - Business Trip,407.36,2024-08-14,B684474,
1055.0,Office Supplies - Printer Ink,426.42,2024-05-07,B124979,
1056.0,Office Supplies - Printer Paper,443.65,2024-08-05,B857002,
1057.0,Conference Room Booking,378.14,2024-08-01,B627648,
1058.0,Office Supplies - Stationery,80.01,2024-03-24,B936260,
1059.0,Conference Room Booking,378.14,2024-05-12,B757939,
1060.0,Office Supplies - Printer Ink,426.42,2024-01-18,B694910,
1061.0,Office Supplies - Stationery,80.01,2024-03-04,B731522,
1062.0,Conference Room Booking,378.14,2024-04-07,B469663,
1063.0,Travel - Business Trip,407.36,2024-07-07,B765446,
1064.0,Office Furniture - Desk,113.22,2024-02-11,B565626,
1065.0,Office Supplies - Printer Ink,426.42,2024-03-05,B568792,
1066.0,Conference Room Booking,378.14,2024-03-13,B975608,
1067.0,Office Supplies - Printer Ink,426.42,2024-05-02,B267043,
1068.0,Office Supplies - Notebooks,93.65,2024-03-16,B522370,
1069.0,Office Supplies - Printer Ink,426.42,2024-02-16,B862829,
1070.0,Office Supplies - Stationery,80.01,2024-08-06,B784184,
1071.0,Office Supplies - Notebooks,93.65,2024-03-06,B100133,
1072.0,Office Supplies - Stationery,80.01,2024-06-22,B594709,
1073.0,Office Furniture - Desk,113.22,2024-05-30,B118892,
1074.0,Office Supplies - Notebooks,93.65,2024-02-12,B434407,
1075.0,Travel - Business Trip,407.36,2024-02-06,B876397,
1076.0,Office Supplies - Printer Ink,426.42,2024-07-03,B710150,
1077.0,Conference Room Booking,378.14,2024-05-07,B841779,
1078.0,Office Supplies - Printer Paper,443.65,2024-05-25,B761082,
1079.0,Office Supplies - Printer Ink,426.42,2024-04-21,B908254,
1080.0,Office Supplies - Printer Ink,426.42,2024-04-05,B140131,
1081.0,Office Furniture - Desk,113.22,2024-03-05,B161028,
1082.0,Travel - Business Trip,407.36,2024-04-10,B292201,
1083.0,Office Supplies - Printer Paper,443.65,2024-06-05,B345554,
1084.0,Office Supplies - Notebooks,93.65,2024-01-14,B860377,
1085.0,Office Supplies - Notebooks,93.65,2024-06-01,B612622,
1086.0,Office Supplies - Notebooks,93.65,2024-07-06,B864864,
1087.0,Office Supplies - Stationery,80.01,2024-06-30,B974095,
1088.0,Office Supplies - Stationery,80.01,2024-07-14,B572129,
1089.0,Conference Room Booking,378.14,2024-03-25,B655906,
1090.0,Office Supplies - Printer Paper,443.65,2024-06-28,B432168,
1091.0,Office Supplies - Notebooks,93.65,2024-02-11,B136913,
1092.0,Office Supplies - Stationery,80.01,2024-01-04,B993382,
1093.0,Conference Room Booking,378.14,2024-04-15,B935578,
1094.0,Travel - Business Trip,407.36,2024-04-23,B606778,
1095.0,Conference Room Booking,378.14,2024-01-25,B240107,
1096.0,Office Supplies - Stationery,80.01,2024-07-31,B643649,
1097.0,Office Furniture - Desk,113.22,2024-07-18,B721578,
1098.0,Office Furniture - Desk,113.22,2024-07-08,B144148,
1099.0,Office Supplies - Notebooks,93.65,2024-03-01,B139654,
1100.0,Office Furniture - Desk,113.22,2024-05-20,B820882,
1101.0,Office Supplies - Notebooks,93.65,2024-02-09,B955439,
1102.0,Office Supplies - Notebooks,93.65,2024-02-20,B211404,
1103.0,Office Supplies - Stationery,80.01,2024-07-08,B794490,
1104.0,Office Furniture - Desk,113.22,2024-04-08,B337032,
1105.0,Office Supplies - Notebooks,93.65,2024-01-22,B977049,
1106.0,Office Supplies - Printer Paper,443.65,2024-02-10,B763711,
1107.0,Travel - Business Trip,407.36,2024-03-19,B324982,
1108.0,Conference Room Booking,378.14,2024-02-11,B250843,
1109.0,Conference Room Booking,378.14,2024-03-09,B487284,
1110.0,Office Supplies - Stationery,80.01,2024-04-12,B256100,
1111.0,Office Furniture - Desk,113.22,2024-07-01,B562859,
1112.0,Office Furniture - Desk,113.22,2024-01-19,B695594,
1113.0,Office Supplies - Notebooks,93.65,2024-08-07,B765576,
1114.0,Office Supplies - Printer Ink,426.42,2024-03-09,B306632,
1115.0,Office Supplies - Notebooks,93.65,2024-05-11,B987947,
1116.0,Travel - Business Trip,407.36,2024-07-02,B947602,
1117.0,Office Supplies - Printer Paper,443.65,2024-05-08,B536340,
1118.0,Conference Room Booking,378.14,2024-04-21,B858137,
1119.0,Office Supplies - Notebooks,93.65,2024-07-30,B835261,
1120.0,Office Supplies - Printer Ink,426.42,2024-06-29,B290045,
1121.0,Office Supplies - Printer Ink,426.42,2024-04-21,B409230,
1122.0,Office Supplies - Notebooks,93.65,2024-06-16,B312437,
1123.0,Office Supplies - Stationery,80.01,2024-04-05,B960374,
1124.0,Conference Room Booking,378.14,2024-03-16,B586586,
1125.0,Office Supplies - Stationery,80.01,2024-06-16,B973207,
1126.0,Office Supplies - Printer Paper,443.65,2024-05-03,B741839,
1127.0,Office Supplies - Printer Ink,426.42,2024-03-27,B809782,
1128.0,Office Supplies - Printer Ink,426.42,2024-02-09,B759506,
1129.0,Travel - Business Trip,407.36,2024-04-09,B167092,
1130.0,Office Supplies - Printer Paper,443.65,2024-06-13,B273718,
1131.0,Office Supplies - Printer Ink,426.42,2024-04-18,B155816,
1132.0,Office Supplies - Printer Paper,443.65,2024-06-19,B726362,
1133.0,Conference Room Booking,378.14,2024-01-27,B746421,
1134.0,Office Furniture - Desk,113.22,2024-04-19,B274492,
1135.0,Office Supplies - Printer Ink,426.42,2024-07-14,B639372,
1136.0,Travel - Business Trip,407.36,2024-02-21,B108253,
1137.0,Conference Room Booking,378.14,2024-07-14,B224838,
1138.0,Office Supplies - Notebooks,93.65,2024-06-06,B281629,
1139.0,Office Supplies - Printer Paper,443.65,2024-08-19,B762149,
1140.0,Office Supplies - Notebooks,93.65,2024-02-17,B317675,
1141.0,Office Supplies - Stationery,80.01,2024-02-26,B513417,
1142.0,Conference Room Booking,378.14,2024-03-22,B926886,
1143.0,Office Supplies - Notebooks,93.65,2024-07-27,B300061,
1144.0,Office Supplies - Printer Ink,426.42,2024-08-04,B851411,
1145.0,Office Supplies - Printer Paper,443.65,2024-02-28,B971051,
1146.0,Office Furniture - Desk,113.22,2024-01-03,B658600,
1147.0,Conference Room Booking,378.14,2024-04-03,B841331,
1148.0,Office Supplies - Printer Ink,426.42,2024-08-15,B231621,
1149.0,Travel - Business Trip,407.36,2024-01-12,B443440,
1150.0,Office Supplies - Stationery,80.01,2024-02-01,B238382,
1151.0,Office Supplies - Printer Paper,443.65,2024-05-11,B678405,
1152.0,Conference Room Booking,378.14,2024-02-11,B238294,
1153.0,Conference Room Booking,378.14,2024-06-09,B285774,
1154.0,Office Furniture - Desk,113.22,2024-08-08,B677288,
1155.0,Office Furniture - Desk,113.22,2024-05-11,B406702,
1156.0,Travel - Business Trip,407.36,2024-04-22,B473902,
1157.0,Office Supplies - Stationery,80.01,2024-03-10,B454070,
1158.0,Travel - Business Trip,407.36,2024-05-10,B574455,
1159.0,Office Supplies - Printer Ink,426.42,2024-02-10,B405665,
1160.0,Office Supplies - Printer Ink,426.42,2024-01-08,B971692,
1161.0,Travel - Business Trip,407.36,2024-03-02,B292925,
1162.0,Office Supplies - Stationery,80.01,2024-02-15,B657065,
1163.0,Travel - Business Trip,407.36,2024-08-04,B411017,
1164.0,Office Supplies - Stationery,80.01,2024-04-11,B791376,
1165.0,Office Supplies - Stationery,80.01,2024-05-22,B237915,
1166.0,Office Supplies - Notebooks,93.65,2024-01-29,B143614,
1167.0,Office Supplies - Printer Paper,443.65,2024-05-05,B420687,
1168.0,Office Supplies - Stationery,80.01,2024-08-04,B182451,
1169.0,Office Furniture - Desk,113.22,2024-03-26,B528528,
1170.0,Office Supplies - Stationery,80.01,2024-03-28,B478673,
1171.0,Office Supplies - Stationery,80.01,2024-01-06,B305741,
1172.0,Office Supplies - Stationery,80.01,2024-07-28,B301611,
1173.0,Office Supplies - Notebooks,93.65,2024-01-07,B585785,
1174.0,Office Supplies - Notebooks,93.65,2024-04-12,B828473,
1175.0,Office Supplies - Printer Ink,426.42,2024-04-02,B863596,
1176.0,Office Supplies - Notebooks,93.65,2024-07-23,B616640,
1177.0,Office Furniture - Desk,113.22,2024-06-22,B515108,
1178.0,Office Furniture - Desk,113.22,2024-07-26,B770636,
1179.0,Office Supplies - Notebooks,93.65,2024-06-19,B359324,
1180.0,Travel - Business Trip,407.36,2024-01-05,B616849,
1181.0,Office Supplies - Printer Paper,443.65,2024-07-03,B984127,
1182.0,Office Supplies - Notebooks,93.65,2024-02-01,B968066,
1183.0,Office Supplies - Stationery,80.01,2024-02-19,B882993,
1184.0,Conference Room Booking,378.14,2024-05-06,B263417,
1185.0,Office Supplies - Printer Paper,443.65,2024-06-08,B990326,
1186.0,Office Supplies - Printer Paper,443.65,2024-07-26,B686034,
1187.0,Office Furniture - Desk,113.22,2024-07-27,B452063,
1188.0,Office Supplies - Printer Paper,443.65,2024-03-24,B376217,
1189.0,Office Supplies - Notebooks,93.65,2024-05-21,B245609,
1190.0,Office Supplies - Stationery,80.01,2024-07-17,B384342,
1191.0,Office Supplies - Stationery,80.01,2024-07-12,B158216,
1192.0,Office Supplies - Printer Ink,426.42,2024-04-11,B228048,
1193.0,Office Supplies - Stationery,80.01,2024-03-01,B345048,
1194.0,Office Supplies - Stationery,80.01,2024-06-25,B308397,
1195.0,Office Furniture - Desk,113.22,2024-05-09,B176504,
1196.0,Office Supplies - Stationery,80.01,2024-07-25,B709286,
1197.0,Office Supplies - Printer Ink,426.42,2024-03-24,B789699,
1198.0,Conference Room Booking,378.14,2024-04-07,B492928,
1199.0,Office Supplies - Notebooks,93.65,2024-04-23,B930807,
1200.0,Office Furniture - Desk,113.22,2024-02-05,B570799,
1201.0,Conference Room Booking,378.14,2024-01-27,B972280,
1202.0,Office Furniture - Desk,113.22,2024-08-19,B431367,
1203.0,Travel - Business Trip,407.36,2024-02-03,B564210,
1204.0,Office Supplies - Printer Paper,443.65,2024-07-17,B707110,
1205.0,Travel - Business Trip,407.36,2024-01-22,B498036,
1206.0,Office Supplies - Stationery,80.01,2024-06-04,B288302,
1207.0,Conference Room Booking,378.14,2024-05-03,B694355,
1208.0,Office Supplies - Stationery,80.01,2024-05-26,B281591,
1209.0,Office Supplies - Printer Paper,443.65,2024-02-25,B629689,
1210.0,Office Furniture - Desk,113.22,2024-01-14,B191950,
1211.0,Office Supplies - Printer Paper,443.65,2024-05-24,B648483,
1212.0,Office Supplies - Printer Ink,426.42,2024-03-04,B877448,
1213.0,Office Supplies - Printer Paper,443.65,2024-02-26,B931070,
1214.0,Office Supplies - Printer Ink,426.42,2024-02-15,B735827,
1215.0,Office Supplies - Printer Paper,443.65,2024-04-09,B810981,
1216.0,Office Supplies - Notebooks,93.65,2024-02-27,B463768,
1217.0,Office Supplies - Printer Ink,426.42,2024-04-27,B110826,
1218.0,Conference Room Booking,378.14,2024-01-31,B563970,
1219.0,Office Supplies - Stationery,80.01,2024-07-04,B121359,
1220.0,Office Supplies - Stationery,80.01,2024-05-27,B768682,
1221.0,Travel - Business Trip,407.36,2024-07-05,B977606,
1222.0,Office Supplies - Stationery,80.01,2024-03-01,B291702,
1223.0,Office Furniture - Desk,113.22,2024-03-28,B103914,
1224.0,Office Supplies - Notebooks,93.65,2024-02-08,B658202,
1225.0,Office Supplies - Printer Paper,443.65,2024-02-20,B396848,
1226.0,Travel - Business Trip,407.36,2024-05-22,B249719,
1227.0,Office Furniture - Desk,113.22,2024-04-01,B994619,
1228.0,Office Furniture - Desk,113.22,2024-05-29,B357726,
1229.0,Office Supplies - Printer Ink,426.42,2024-05-20,B591163,
1230.0,Office Supplies - Stationery,80.01,2024-08-13,B527094,
1231.0,Conference Room Booking,378.14,2024-07-24,B458909,
1232.0,Conference Room Booking,378.14,2024-05-02,B176024,
1233.0,Travel - Business Trip,407.36,2024-01-30,B909608,
1234.0,Office Supplies - Notebooks,93.65,2024-06-19,B347759,
1235.0,Conference Room Booking,378.14,2024-06-20,B423588,
1236.0,Office Supplies - Printer Paper,443.65,2024-06-22,B266883,
1237.0,Conference Room Booking,378.14,2024-05-19,B899944,
1238.0,Travel - Business Trip,407.36,2024-07-23,B728810,
1239.0,Conference Room Booking,378.14,2024-04-23,B761065,
1240.0,Office Supplies - Printer Paper,443.65,2024-06-01,B761763,
1241.0,Office Supplies - Printer Ink,426.42,2024-08-11,B370331,
1242.0,Office Supplies - Notebooks,93.65,2024-03-03,B502538,
1243.0,Travel - Business Trip,407.36,2024-04-08,B101010,
1244.0,Office Supplies - Printer Ink,426.42,2024-04-10,B794801,
1245.0,Office Supplies - Printer Ink,426.42,2024-03-19,B251029,
1246.0,Office Supplies - Printer Ink,426.42,2024-05-16,B808936,
1247.0,Office Furniture - Desk,113.22,2024-01-10,B581385,
1248.0,Office Supplies - Notebooks,93.65,2024-04-02,B342686,
1249.0,Office Supplies - Stationery,80.01,2024-02-17,B792227,
1250.0,Office Supplies - Notebooks,93.65,2024-03-23,B987403,
1251.0,Office Furniture - Desk,113.22,2024-03-23,B948115,
1252.0,Office Supplies - Stationery,80.01,2024-05-12,B573833,
1253.0,Office Supplies - Notebooks,93.65,2024-06-03,B396693,
1254.0,Office Supplies - Printer Ink,426.42,2024-07-26,B464660,
1255.0,Travel - Business Trip,407.36,2024-01-12,B146837,
1256.0,Office Supplies - Stationery,80.01,2024-06-11,B420799,
1257.0,Office Supplies - Printer Paper,443.65,2024-08-04,B255173,
1258.0,Office Supplies - Printer Paper,443.65,2024-03-23,B326025,
1259.0,Conference Room Booking,378.14,2024-03-15,B824085,
1260.0,Office Supplies - Stationery,80.01,2024-03-14,B242529,
1261.0,Travel - Business Trip,407.36,2024-02-11,B600856,
1262.0,Office Furniture - Desk,113.22,2024-05-27,B333209,
1263.0,Office Supplies - Printer Ink,426.42,2024-06-11,B797271,
1264.0,Conference Room Booking,378.14,2024-07-01,B776194,
1265.0,Office Supplies - Printer Paper,443.65,2024-03-10,B947212,
1266.0,Office Furniture - Desk,113.22,2024-04-19,B215060,
1267.0,Office Furniture - Desk,113.22,2024-03-19,B360207,
1268.0,Office Supplies - Printer Ink,426.42,2024-04-06,B525903,
1269.0,Office Supplies - Stationery,80.01,2024-07-03,B399404,
1270.0,Office Supplies - Printer Paper,443.65,2024-08-09,B189836,
1271.0,Travel - Business Trip,407.36,2024-03-27,B171139,
1272.0,Office Furniture - Desk,113.22,2024-07-28,B727019,
1273.0,Office Supplies - Printer Ink,426.42,2024-07-16,B329249,
1274.0,Travel - Business Trip,407.36,2024-04-17,B798161,
1275.0,Office Supplies - Stationery,80.01,2024-08-01,B610143,
1276.0,Office Supplies - Printer Paper,443.65,2024-03-28,B841627,
1277.0,Office Supplies - Stationery,80.01,2024-01-01,B336873,
1278.0,Office Furniture - Desk,113.22,2024-07-05,B121890,
1279.0,Travel - Business Trip,407.36,2024-07-30,B282697,
1280.0,Travel - Business Trip,407.36,2024-05-19,B847541,
1281.0,Travel - Business Trip,407.36,2024-01-28,B558165,
1282.0,Office Furniture - Desk,113.22,2024-05-03,B347280,
1283.0,Office Furniture - Desk,113.22,2024-02-01,B583526,
1284.0,Office Supplies - Stationery,80.01,2024-04-23,B457929,
1285.0,Conference Room Booking,378.14,2024-03-08,B206279,
1286.0,Office Supplies - Stationery,80.01,2024-02-26,B637958,
1287.0,Office Supplies - Printer Paper,443.65,2024-04-23,B859713,
1288.0,Office Supplies - Printer Ink,426.42,2024-07-01,B184751,
1289.0,Travel - Business Trip,407.36,2024-04-06,B355396,
1290.0,Conference Room Booking,378.14,2024-02-12,B817868,
1291.0,Office Supplies - Printer Ink,426.42,2024-01-20,B135576,
1292.0,Conference Room Booking,378.14,2024-08-19,B436826,
1293.0,Office Supplies - Notebooks,93.65,2024-04-28,B462951,
1294.0,Office Supplies - Stationery,80.01,2024-05-31,B100695,
1295.0,Office Furniture - Desk,113.22,2024-06-04,B717619,
1296.0,Travel - Business Trip,407.36,2024-03-11,B369352,
1297.0,Office Supplies - Stationery,80.01,2024-05-19,B610500,
1298.0,Office Supplies - Printer Ink,426.42,2024-08-16,B185988,
1299.0,Office Supplies - Notebooks,93.65,2024-05-09,B156968,
1300.0,Office Supplies - Notebooks,93.65,2024-06-26,B815794,
1301.0,Office Supplies - Notebooks,93.65,2024-05-28,B461747,
1302.0,Office Supplies - Printer Ink,426.42,2024-06-27,B634812,
1303.0,Office Supplies - Printer Ink,426.42,2024-02-14,B661476,
1304.0,Office Supplies - Printer Ink,426.42,2024-03-17,B188956,
1305.0,Office Supplies - Printer Ink,426.42,2024-05-23,B177460,
1306.0,Office Supplies - Notebooks,93.65,2024-05-03,B535304,
1307.0,Office Supplies - Notebooks,93.65,2024-01-27,B867048,
1308.0,Conference Room Booking,378.14,2024-02-21,B305467,
1309.0,Office Supplies - Stationery,80.01,2024-07-09,B934854,
1310.0,Travel - Business Trip,407.36,2024-03-02,B171783,
1311.0,Office Furniture - Desk,113.22,2024-06-25,B707373,
1312.0,Office Supplies - Notebooks,93.65,2024-07-16,B256208,
1313.0,Office Furniture - Desk,113.22,2024-01-31,B397715,
1314.0,Office Supplies - Stationery,80.01,2024-04-13,B758935,
1315.0,Office Supplies - Stationery,80.01,2024-05-30,B703090,
1316.0,Office Furniture - Desk,113.22,2024-04-08,B929791,
1317.0,Office Supplies - Notebooks,93.65,2024-07-29,B884700,
1318.0,Office Furniture - Desk,113.22,2024-07-30,B570158,
1319.0,Conference Room Booking,378.14,2024-08-08,B257757,
1320.0,Office Supplies - Printer Paper,443.65,2024-01-01,B537489,
1321.0,Office Supplies - Notebooks,93.65,2024-06-09,B320386,
1322.0,Office Supplies - Notebooks,93.65,2024-06-26,B649868,
1323.0,Travel - Business Trip,407.36,2024-02-10,B215528,
1324.0,Office Supplies - Printer Ink,426.42,2024-06-19,B477153,
1325.0,Office Supplies - Printer Paper,443.65,2024-03-07,B278426,
1326.0,Office Supplies - Stationery,80.01,2024-01-23,B209793,
1327.0,Office Supplies - Notebooks,93.65,2024-07-29,B806979,
1328.0,Office Furniture - Desk,113.22,2024-05-10,B767357,
1329.0,Office Supplies - Printer Paper,443.65,2024-04-29,B234278,
1330.0,Travel - Business Trip,407.36,2024-03-15,B840504,
1331.0,Office Supplies - Stationery,80.01,2024-04-13,B572328,
1332.0,Office Supplies - Printer Ink,426.42,2024-05-11,B577149,
1333.0,Office Supplies - Printer Ink,426.42,2024-07-03,B193998,
1334.0,Travel - Business Trip,407.36,2024-06-05,B212896,
1335.0,Travel - Business Trip,407.36,2024-05-30,B666221,
1336.0,Office Furniture - Desk,113.22,2024-06-08,B829982,
1337.0,Office Supplies - Notebooks,93.65,2024-06-15,B992350,
1338.0,Office Supplies - Printer Ink,426.42,2024-06-17,B905201,
1339.0,Office Supplies - Stationery,80.01,2024-01-28,B548172,
1340.0,Office Supplies - Printer Paper,443.65,2024-04-18,B131764,
1341.0,Office Supplies - Stationery,80.01,2024-06-13,B186286,
1342.0,Conference Room Booking,378.14,2024-07-20,B890626,
1343.0,Conference Room Booking,378.14,2024-06-21,B651476,
1344.0,Travel - Business Trip,407.36,2024-01-17,B896567,
1345.0,Office Furniture - Desk,113.22,2024-01-16,B407783,
1346.0,Conference Room Booking,378.14,2024-06-25,B787263,
1347.0,Office Supplies - Printer Ink,426.42,2024-01-08,B517945,
1348.0,Office Supplies - Stationery,80.01,2024-08-18,B178828,
1349.0,Office Supplies - Stationery,80.01,2024-07-12,B229123,
1350.0,Travel - Business Trip,407.36,2024-07-15,B804404,
1351.0,Office Supplies - Notebooks,93.65,2024-04-29,B825833,
1352.0,Office Supplies - Notebooks,93.65,2024-06-04,B756499,
1353.0,Office Supplies - Printer Paper,443.65,2024-07-09,B474585,
1354.0,Travel - Business Trip,407.36,2024-06-19,B930161,
1355.0,Office Supplies - Printer Paper,443.65,2024-03-09,B369090,
1356.0,Office Supplies - Notebooks,93.65,2024-03-12,B882750,
1357.0,Travel - Business Trip,407.36,2024-03-15,B362244,
1358.0,Travel - Business Trip,407.36,2024-04-24,B306666,
1359.0,Travel - Business Trip,407.36,2024-06-30,B808261,
1360.0,Office Supplies - Notebooks,93.65,2024-07-08,B531839,
1361.0,Office Supplies - Printer Paper,443.65,2024-07-13,B700431,
1362.0,Office Supplies - Printer Paper,443.65,2024-01-21,B651691,
1363.0,Travel - Business Trip,407.36,2024-06-16,B214063,
1364.0,Conference Room Booking,378.14,2024-05-13,B102787,
1365.0,Office Furniture - Desk,113.22,2024-04-25,B530570,
1366.0,Office Supplies - Notebooks,93.65,2024-06-01,B441779,
1367.0,Office Furniture - Desk,113.22,2024-02-27,B656905,
1368.0,Office Furniture - Desk,113.22,2024-05-20,B441305,
1369.0,Office Supplies - Printer Paper,443.65,2024-04-13,B614626,
1370.0,Office Supplies - Printer Paper,443.65,2024-03-24,B623707,
1371.0,Conference Room Booking,378.14,2024-02-20,B121873,
1372.0,Office Furniture - Desk,113.22,2024-02-23,B305262,
1373.0,Office Furniture - Desk,113.22,2024-05-06,B948613,
1374.0,Travel - Business Trip,407.36,2024-05-24,B557031,
1375.0,Office Supplies - Printer Paper,443.65,2024-02-01,B879639,
1376.0,Office Furniture - Desk,113.22,2024-08-16,B763304,
1377.0,Office Supplies - Stationery,80.01,2024-05-13,B928994,
1378.0,Conference Room Booking,378.14,2024-04-21,B992740,
1379.0,Office Supplies - Stationery,80.01,2024-02-07,B337309,
1380.0,Office Supplies - Stationery,80.01,2024-03-20,B644256,
1381.0,Office Supplies - Notebooks,93.65,2024-03-10,B329922,
1382.0,Office Supplies - Notebooks,93.65,2024-05-17,B456315,
1383.0,Conference Room Booking,378.14,2024-04-13,B232443,
1384.0,Office Supplies - Stationery,80.01,2024-08-04,B914950,
1385.0,Office Furniture - Desk,113.22,2024-05-28,B620428,
1386.0,Office Supplies - Printer Paper,443.65,2024-07-22,B431230,
1387.0,Conference Room Booking,378.14,2024-08-13,B907901,
1388.0,Travel - Business Trip,407.36,2024-06-17,B746643,
1389.0,Office Supplies - Stationery,80.01,2024-05-27,B367803,
1390.0,Conference Room Booking,378.14,2024-02-22,B724732,
1391.0,Office Supplies - Printer Ink,426.42,2024-05-04,B739695,
1392.0,Office Supplies - Printer Ink,426.42,2024-03-28,B444901,
1393.0,Office Supplies - Notebooks,93.65,2024-03-30,B640756,
1394.0,Office Supplies - Printer Paper,443.65,2024-01-04,B621020,
1395.0,Office Furniture - Desk,113.22,2024-06-03,B932478,
1396.0,Office Supplies - Printer Paper,443.65,2024-01-11,B805443,
1397.0,Office Supplies - Printer Paper,443.65,2024-05-05,B401376,
1398.0,Office Supplies - Printer Paper,443.65,2024-05-23,B846436,
1399.0,Office Supplies - Printer Paper,443.65,2024-04-30,B879405,
1400.0,Travel - Business Trip,407.36,2024-05-31,B526119,
1401.0,Travel - Business Trip,407.36,2024-07-15,B126585,
1402.0,Office Supplies - Notebooks,93.65,2024-07-13,B382392,
1403.0,Conference Room Booking,378.14,2024-04-22,B526041,
1404.0,Office Supplies - Printer Ink,426.42,2024-05-27,B182999,
1405.0,Office Supplies - Printer Paper,443.65,2024-06-09,B753364,
1406.0,Office Supplies - Notebooks,93.65,2024-05-14,B936798,
1407.0,Conference Room Booking,378.14,2024-02-21,B665563,
1408.0,Office Supplies - Printer Ink,426.42,2024-01-11,B881133,
1409.0,Office Supplies - Stationery,80.01,2024-05-25,B351602,
1410.0,Office Furniture - Desk,113.22,2024-01-24,B463278,
1411.0,Travel - Business Trip,407.36,2024-03-12,B376073,
1412.0,Office Supplies - Stationery,80.01,2024-08-16,B413536,
1413.0,Office Supplies - Printer Ink,426.42,2024-07-09,B717727,
1414.0,Office Supplies - Stationery,80.01,2024-01-14,B272794,
1415.0,Office Furniture - Desk,113.22,2024-06-06,B728230,
1416.0,Office Supplies - Notebooks,93.65,2024-04-18,B705406,
1417.0,Office Supplies - Printer Ink,426.42,2024-05-13,B223466,
1418.0,Office Supplies - Stationery,80.01,2024-07-17,B439089,
1419.0,Travel - Business Trip,407.36,2024-06-03,B393249,
1420.0,Travel - Business Trip,407.36,2024-04-26,B894227,
1421.0,Conference Room Booking,378.14,2024-07-15,B400473,
1422.0,Office Supplies - Stationery,80.01,2024-08-17,B743721,
1423.0,Office Supplies - Printer Paper,443.65,2024-05-06,B158308,
1424.0,Office Supplies - Stationery,80.01,2024-03-11,B399429,
1425.0,Office Supplies - Notebooks,93.65,2024-04-28,B958947,
1426.0,Office Supplies - Printer Ink,426.42,2024-06-23,B714048,
1427.0,Office Supplies - Printer Ink,426.42,2024-06-05,B393994,
1428.0,Office Supplies - Notebooks,93.65,2024-01-05,B878301,
1429.0,Office Supplies - Stationery,80.01,2024-04-01,B402091,
1430.0,Office Supplies - Notebooks,93.65,2024-07-14,B739134,
1431.0,Office Furniture - Desk,113.22,2024-02-13,B833983,
1432.0,Office Supplies - Notebooks,93.65,2024-01-20,B783326,
1433.0,Travel - Business Trip,407.36,2024-02-09,B425500,
1434.0,Office Supplies - Notebooks,93.65,2024-08-06,B529637,
1435.0,Office Supplies - Printer Ink,426.42,2024-02-24,B694068,
1436.0,Travel - Business Trip,407.36,2024-03-30,B573181,
1437.0,Office Supplies - Printer Ink,426.42,2024-05-09,B558415,
1438.0,Conference Room Booking,378.14,2024-06-27,B327815,
1439.0,Office Supplies - Printer Paper,443.65,2024-04-22,B608929,
1440.0,Office Supplies - Printer Ink,426.42,2024-07-05,B598516,
1441.0,Travel - Business Trip,407.36,2024-02-05,B243889,
1442.0,Conference Room Booking,378.14,2024-05-02,B130163,
1443.0,Office Supplies - Printer Ink,426.42,2024-08-16,B950810,
1444.0,Office Furniture - Desk,113.22,2024-05-07,B652975,
1445.0,Office Supplies - Notebooks,93.65,2024-05-28,B987688,
1446.0,Office Supplies - Printer Paper,443.65,2024-02-21,B695465,
1447.0,Office Supplies - Printer Ink,426.42,2024-05-26,B783440,
1448.0,Conference Room Booking,378.14,2024-04-18,B445222,
1449.0,Office Furniture - Desk,113.22,2024-02-01,B712061,
1450.0,Office Supplies - Stationery,80.01,2024-02-13,B822975,
1451.0,Conference Room Booking,378.14,2024-01-23,B519813,
1452.0,Office Supplies - Notebooks,93.65,2024-08-08,B913633,
1453.0,Conference Room Booking,378.14,2024-04-29,B134816,
1454.0,Office Furniture - Desk,113.22,2024-01-18,B390894,
1455.0,Conference Room Booking,378.14,2024-02-04,B484031,
1456.0,Office Furniture - Desk,113.22,2024-05-06,B377390,
1457.0,Office Supplies - Printer Ink,426.42,2024-06-26,B771859,
1458.0,Office Furniture - Desk,113.22,2024-04-18,B751985,
1459.0,Office Furniture - Desk,113.22,2024-02-18,B170384,
1460.0,Office Supplies - Printer Paper,443.65,2024-07-31,B713537,
1461.0,Office Furniture - Desk,113.22,2024-04-14,B762013,
1462.0,Office Furniture - Desk,113.22,2024-02-19,B769980,
1463.0,Office Supplies - Stationery,80.01,2024-06-04,B242302,
1464.0,Office Supplies - Printer Ink,426.42,2024-03-04,B958371,
1465.0,Office Supplies - Notebooks,93.65,2024-04-21,B951861,
1466.0,Office Supplies - Printer Paper,443.65,2024-02-17,B939610,
1467.0,Office Supplies - Stationery,80.01,2024-08-02,B575521,
1468.0,Travel - Business Trip,407.36,2024-07-06,B267862,
1469.0,Office Supplies - Printer Ink,426.42,2024-02-15,B584852,
1470.0,Office Supplies - Printer Ink,426.42,2024-06-21,B207495,
1471.0,Travel - Business Trip,407.36,2024-06-11,B858734,
1472.0,Office Supplies - Notebooks,93.65,2024-07-14,B766647,
1473.0,Office Furniture - Desk,113.22,2024-04-12,B791118,
1474.0,Office Supplies - Stationery,80.01,2024-01-26,B306101,
1475.0,Conference Room Booking,378.14,2024-08-14,B617001,
1476.0,Office Supplies - Printer Paper,443.65,2024-05-02,B330957,
1477.0,Conference Room Booking,378.14,2024-08-08,B757924,
1478.0,Travel - Business Trip,407.36,2024-07-16,B402951,
1479.0,Office Supplies - Printer Ink,426.42,2024-02-11,B974792,
1480.0,Office Supplies - Notebooks,93.65,2024-05-08,B922645,
1481.0,Office Supplies - Printer Ink,426.42,2024-07-23,B644778,
1482.0,Office Supplies - Printer Paper,443.65,2024-02-01,B620677,
1483.0,Office Supplies - Printer Ink,426.42,2024-07-02,B905838,
1484.0,Office Supplies - Printer Ink,426.42,2024-02-10,B628763,
1485.0,Office Supplies - Printer Paper,443.65,2024-03-30,B100331,
1486.0,Office Supplies - Stationery,80.01,2024-02-18,B871934,
1487.0,Office Supplies - Stationery,80.01,2024-04-16,B511699,
1488.0,Office Supplies - Printer Paper,443.65,2024-05-05,B661991,
1489.0,Office Supplies - Notebooks,93.65,2024-07-26,B157181,
1490.0,Travel - Business Trip,407.36,2024-08-14,B186418,
1491.0,Office Supplies - Printer Ink,426.42,2024-01-12,B168291,
1492.0,Office Supplies - Notebooks,93.65,2024-02-24,B356457,
1493.0,Office Supplies - Printer Ink,426.42,2024-01-25,B949166,
1494.0,Travel - Business Trip,407.36,2024-02-16,B991987,
1495.0,Office Supplies - Stationery,80.01,2024-02-11,B889157,
1496.0,Office Supplies - Notebooks,93.65,2024-02-08,B372167,
1497.0,Office Furniture - Desk,113.22,2024-06-14,B790612,
1498.0,Office Furniture - Desk,113.22,2024-05-08,B459538,
1499.0,Office Furniture - Desk,113.22,2024-02-17,B867253,
1500.0,Office Supplies - Stationery,80.01,2024-04-24,B213925,
1501.0,Office Supplies Notebooks,93.65,2024-03-17,B175360,